title,category
‘건진법사’ 전성배 구속 갈림길…“尹과 무슨 관계” 묻자 묵묵부답,Social
"키 190㎝·시력 2.0인데…배우 나인우, 병역면제에 제기된 민원",Social
"[단독]공천헌금 받은 건진법사…검찰, 현직 의원 연루 진술 확보",Social
"""40년 넘은 고위험 고철덩이, 부산항에서 사라지다""",Social
"지적장애 학생 바다로 밀어 사망케한 20대, 폭행치사죄 적용… 징역 4년",Social
만취운전해 오토바이 들이받아 3명 사상…군청 공무원 송치,Social
"예멘 이주노동자 다리 절단 사고, 공장장 송치",Social
‘10년만에 차량 통행’…신촌 연세로 내년부터 일반 차 허용,Social
"‘윤석열 체포’, 결국 한덕수 결단에 달렸다?···체포영장 둘러싼 경우의 수",Social
"""김건희, 역술인 말 듣고 계엄"" 박지원 말에…서정욱 ""사실 아냐""",Social
"헌재 “19일도 수령거부, 23일 결정”…송두환·이광범 전 특검 국회 대리인",Social
"대법 전합, 11년만 '통상임금' 개념 재정립…""조건부 상여금도 포함""",Social
"윤석열 측 ""체포의 '체'자도 말한 적 없어…시간끌기는 성급한 평가""",Social
"[속보] 황교안 ""한 권한대행, 헌법재판관 임명하면 안돼""",Social
[속보]이화영 전 부지사 '대북송금' 등 사건 2심서 징역 7년8월…李 재판 영향은?,Social
"진주대첩 역사공원 논란 2라운드, 시-시의회 갈등에 상인 참전",Social
"친구 계부 성폭행 탓에 숨진 여중생 유족, 국가 손배 패소",Social
"휠체어 못 들어가는 편의점…대법 ""국가배상 책임 있어""(종합)",Social
"이영림 춘천지검장, 강릉여고 특강서 ""후배들 언제나 응원""",Social
"尹측 ""체포의 체자도 얘기 안해…내란? 전혀 당치 않아""(종합)",Social
"이근, 유튜버 구제역 폭행 혐의 2심도 벌금 500만원",Social
"검찰총장, '尹 내란 사건' 이첩에…""적법절차 관련 빌미 안 남기기 위함""",Social
"'대장동고문' 권순일 전 대법관 ""자문만 하고 변호사활동 안해""",Social
"한국경마 살아있는 두 전설, 마지막 왕좌의 게임 가린다",Social
"'화천대유 고문 활동' 권순일 ""檢 공소권 남용""…혐의 부인",Social
"대통령측 ""尹, '체포하라·끌어내라' 안 써…절대 충돌 말라 해""",Social
의대 증원 여파? 연고대 수시 합격자 절반이 등록 포기,Social
"“노인들 미워 말고…” 탄핵안 가결에 춤추며 ‘눈물’, 화제된 77세의 말",Social
"[뉴스현장] 윤 대통령 측 ""내란죄 동의 못 해""…헌재, 첫 재판관 평의",Social
尹 측 “체포의 ‘체’자도 안 꺼내…‘나 내란 합니다’ 미리 말하는 내란 어딨나”,Social
오토바이가 호텔 로비를 덮쳤다?...난리난 호텔 패키지,Social
"대법 ""조건부 정기상여금도 통상임금 포함""",Social
"尹 측 ""미리 말하고 하는 내란이 어딨나…체포의 '체'자도 말한 적 없다""",Social
김용원 또 막말…‘기자 강제퇴장’ 뒤 동료 인권위원에게 “닥쳐라”,Social
송민호 '부실 복무'?…'재입대' 싸이 55개월 복무 재조명,Social
"김이수·송두환·이광범, ‘尹탄핵심판’ 국회 대리인단 이끈다",Social
'尹 무속논란' 건진법사 영장심사…'법사게이트' 열리나,Social
"대통령 체포영장 청구 가능해진 공수처…""소환은 보여주기 불과""",Social
'화성 동탄1·2신도시 잇는다'…경부직선화 상부연결도로 전면 개통,Social
"강원 야권·시민단체 ""권성동 사퇴하라, 국민의힘 해체"" 촉구",Social
이재명 '선거법' 2심 다음 달 시작...소송 서류 수령,Social
[속보]이화영 전 부지사 '대북송금' 등 사건 2심서 징역 7년8월,Social
"공수처, 강상문 영등포서장 소환… ‘계엄 정치인 체포조’ 수사 본격화",Social
[현장연결] 윤 대통령 측 석동현 변호사 약식 기자회견,Social
"빈집 개조 유행처럼 번졌던 제주, 다시 빈집 늘어난 이유?",Social
"김현태 707특임단장 ""계엄 당시 실탄 1920발 챙겨 출동했다""",Social
'건진법사' 구속 기로...대통령 인연 질문에 '침묵',Social
"이재명, 선거법 사건 항소심 소송기록 수령…2심 본격 시작",Social
"尹, 계속 문서 수령 거부... 헌재 ""23일 송달 간주 여부 결정""",Social
"'동구 7번 존치, 금호지구에 노선 신설'…대구 시내버스 노선개편 최종안 확정",Social
초유의 '준예산' 현실화하나…세종시 여야 극한 갈등에 시민 피해 우려,Social
"[속보] 이화영 2심 징역 7년 8개월...“쌍방울, 이재명 방북비 대납”",Social
"尹 탄핵심판 서류 오늘도 송달 실패…헌재 ""23일 입장 낸다""",Social
‘쌍방울 대북송금’ 이화영 항소심서 징역 7년8월…이재명 대표 방북비 인정,Social
檢 '계엄 해제 회의 불참' 김용호 통일부장관 소환조사,Social
갑작스러운 팔다리 마비·언어장애…'급성뇌경색' 의심해야,Social
"대통령실 압수수색 불발, 출석도 거부하는 尹…강제수사 가능할까",Social
‘불법 수의계약’ 배태숙 대구 중구의장 의원직 상실…의회서 제명,Social
"[속보] 尹측 석동현 ""대통령, '체포·끌어내라' 지시한 적 없다""",Social
계엄 TV 보고 알았다는 707 단장 “국회 갈 때 실탄 1920발 챙겨갔다”,Social
"[속보] '대북송금' 이화영 항소심서 징역 7년 8개월...""도지사 방북비 대납""",Social
수원시의회 '尹탄핵·李재판 촉구 결의안' 모두 부결,Social
부천 공사현장서 머리 위로 10㎏ 거푸집 떨어져 80대 근로자 사망,Social
"공조본, 윤석열 대통령 2차 출석 요구 검토",Social
대법 “재직 여부 등 조건부 정기상여금도 통상임금 포함해야…고정성 무관”,Social
"대법 ""조건부 정기 상여금도 통상임금""…판례 변경(2보)",Social
"계엄 '응징'한 흑백요리사…안유성, 명장 명패 윤석열 이름 은박지로 가렸다",Social
70대 택시기사 폭행 사망케한 음주 30대 항소심서 6년→4년 감형,Social
연·고대 수시 최초합격자 절반 등록 포기…의대 정원 확대 여파,Social
"[뉴스1 PICK]'尹 40년 지기' 석동현 변호사 ""尹, '의원 체포' 지시한 적 없어""",Social
"[단독] 여인형 “윤, 계엄 사흘 전 격노 상태…김용현과 관저 회동”",Social
'장애 의심' 태아 조기 출산해 살해… 부모 나란히 실형,Social
실적 유지용 ‘가짜회원’ 돈 대납하다가···빚더미 앉은 학습지교사,Social
"대법, 통상임금 기준 바꿨다…'고정성' 대신 '대가성'(종합)",Social
[이시각헤드라인] 12월 19일 뉴스1번지,Social
날씨가 포근해서… 한강공원 눈썰매장 20→24일 개장 연기,Social
"명태균 측 ""홍준표, 복당 부탁 증거 있어"" vs 洪 ""허위사실 고발할 것""",Social
채점 전 시험지 파쇄한 공단…법원 “응시자에 150만∼200만원 배상”,Social
"""尹, '의원 체포' 지시한 적 없어…탄핵 졸속으로 이뤄져""(상보)",Social
부천 내동 신축 공사장서 10㎏ 거푸집 떨어져 80대 사망,Social
"공수처, '햄버거 회동' 문상호 전 정보사령관 휴대전화 포렌식 착수",Social
"학폭 피해 중학생에 닿은 도움의 손길.. ""치료 잘 받을게요""",Social
'건진법사' 영장심사 출석‥ 尹 관련 질문엔 침묵,Social
"전국농민총연맹, 트랙터 몰고 대통령 관저 상경 투쟁 [뉴시스Pic]",Social
"韓 거부권 행사에 민주 전북도당 ""윤석열의 길 선포, 의회 부정""",Social
"윤 대통령 측 “내란죄 동의 못해”…검찰, 군 지휘관 잇단 조사",Social
"""옆사람 말 다 들리는데, 계엄 논의?""…롯데리아 찾은 시민들 '갸우뚱' [르포]",Social
"“내가 경로당 갈 사람으로 보이나”…노인들, 기피하는 이유 따로 있다는데",Social
[뉴스1 PICK]'연세로 대중교통전용지구' 11년 만에 해제… 1월부터 차량 통행,Social
'故 이선균 협박' 유흥업소 실장·전직 영화배우 징역형,Social
"전역 나흘 앞두고…경찰, '부실 복무' 논란 송민호 내사 착수",Social
"""부의금 얼마 내야 하지?…'이 정도'가 적당해요""",Social
"중앙선 철도, 완전 복선전철화 마치고 내일 개통…KTX-이음 운행",Social
"[2보] 대법 ""정부, 지체장애인 시설접근권 보장 미비…국가배상""",Social
"'직 상실 위기' 홍남표 창원시장 ""상고 계획""…야권 ""자진 사퇴' 맞불",Social
코인 시세조종 30대 구속...패스트트랙 첫 사례,Social
"헌재, '尹 서류 송달' 입장 23일 발표…사실상 데드라인(종합)",Social
"국민 52.6% ""국힘, 여당 인정 못해"" 59.4% ""민주당이 대체 가능""",Social
"""즉각 탄핵해야"" 韓 거부권 행사에 광주 시민사회 격앙",Social
중앙선 도담~영천 복선화 완료…영천역~청량리역 4시간→2시30분,Social
"""한부모가정 어린이에게… 메리 크리스마스"" 열심히 모은 용돈 30만 원 기부한 소년",Social
"정부, 친일파 이해승 땅 소송 사실상 패소‥대법서 확정",Social
이선균 협박해 돈 뜯은 유흥업소 실장·전직 영화배우 징역형,Social
"허성무 의원 ""체코원전·방산수출 국제 신뢰 회복해야""",Social
화이트 크리스마스 아니래요…일요일까진 눈·강추위,Social
"황당한 '당근'…""제가 커피 살게요""→""저 남자예요""→""왜 말투를 오해하게 썼죠?""",Social
"'이승환 35주년' 구미 콘서트에 보수단체 ""탄핵 콘서트 취소하라""",Social
포항 영일대해수욕장 인근 상가 화재…수족관 등 불타,Social
연고대 수시 46.1%가 등록 포기했다…의대로 갔다,Social
"송민호, 소집해제 권유받았지만 거절… 담당자 ""정상생활 어려운 상태""",Social
"공수처, ‘비상계엄 모의’ 문상호 정보사령관 휴대전화 확보",Social
"남원 양계장서 화재, 병아리 4만마리 폐사…1명 화상",Social
"尹대통령, 오늘도 탄핵심판 서류 안받아…경호처에서 수령 거절",Social
"'해임 처분 승소' 권태선 방문진 이사장 ""방통위 사과·반성 요구""",Social
"대법 ""정부, 지체장애인 시설 접근권 보장 미비…국가배상""",Social
"[속보] 尹측 “대통령, ‘체포하라·끌어내라’ 용어 쓴 적 없어”",Social
"경북 영천시 시민안전 불감증 점입가경, 인도 땅꺼짐 발생 일주일 가까이 방치",Social
"건강검진, 전 연령대에서 정기적으로 받아야",Social
대구도시철도 1호선 연장선 안심~하양 구간 21일 개통,Social
조규홍 장관 “의료개혁 미룰 수 없는 시급한 과제…착실히 추진”,Social
'공직선거법 위반' 김태우 전 강서구청장 1심서 벌금형,Social
창원시장 뒤집힌 항소심 판결에 시정 ‘정쟁 격랑’ 속으로…,Social
"청년 10명 중 4명 이상 ""젠더 갈등 심각""... 여성 '사회기여'·남성 '결혼' 중요",Social
尹 탄핵 청구서 벌써 3번째 거절…헌재 “송달 여부 23일에 밝히겠다”,Social
"“승객 태운 채 5시간 대기”…국토부, 델타·대한항공 등에 과징금",Social
"대법 “‘장애인 접근권 방치’, 국가 배상 책임 있어”",Social
'가위바위보 지면 입수' 장애인 숨지게 한 20대 항소심도 징역 4년,Social
"국민연금, 환율 불안 속 '환헤지 비율 상향' 추가 연장…'석탄 기업' 투자는 제한",Social
"국회 복지위, ‘2026학년도 의대 정원 감원’ 법안 상정... 23일 처리 예정",Social
"""용인시, 항공부대 이전 터무니없는 반박…토론장에 나와라""",Social
"[속보] 선관위 ""근거 없는 부정선거 주장, 민주주의 위협 행위""",Social
尹 끝없는 버티기…공시송달 외에 답 없다,Social
"당선무효형 홍남표 창원시장, 대법원에 상고장 제출",Social
'가위바위보 내기'로 장애학생 4m 바다로 밀어 숨지게 한 20대,Social
이성헌 서대문구청장의 ‘뚝심’…내년 1월부터 연세로에 승용차 다닌다,Social
"서대문구 ‘연세로’, 11년만에 택시·승용차 다닌다",Social
"야권 ""홍남표 창원시장, 석고대죄-시장직 사퇴"" 촉구",Social
"대법원 전원합의체 ""조건부 정기 상여금도 통상임금에 포함""",Social
"尹 탄핵서류 수취 거부에 헌재 ""23일 송달 간주 여부 입장낼 것""",Social
"서울변회, 우수 법관 102명 선정...“충실히 심리하고 경청했다”",Social
"출범 100일 앞둔 이태원 특조위, “내년도 예산 0원, 예비비로 운영해야”",Social
장애 의심되니 조기출산해 살해...부모·외조모 살인죄 엄벌,Social
"MBC 내부 ""남은 것은 尹정권 방송 장악 폭거 진상 규명""",Social
'가위바위보 지면 입수' 장애인 숨지게한 20대 항소심도 징역4년,Social
기막힌 '폭주족' 의리…동료 도주시키려 순찰차와 일부러 '쾅',Social
"'공직선거법 위반' 김태우 전 강서구청장, 1심 벌금 80만원",Social
"국수본, ‘내란 동조 혐의’ 경찰청장·서울청장 내일 송치",Social
"제주도, 인구 늘어난 지역에 '빈집'도 늘었다…이유는?",Social
'모던 하트' 저자 정아은 작가 별세…향년 49세,Social
"""내란 세력 처벌에 필요한 법안 거부, 한덕수 대행 탄핵해야""",Social
금호타이어 광주공장 먹튀 우려에 '용도변경' 난항,Social
"'대장동 로비의혹' 권순일 전 대법관, 혐의 전면 부인",Social
영천에서 서울까지 2시간 30분대…중앙선 복선화 완전개통,Social
"법원 ""남영진 전 KBS 이사장 해임 처분 취소해야""",Social
"법원 ""권태선 방문진 이사장 해임 처분 취소해야""",Social
"소집해제 4일 앞두고...경찰, 송민호 '부실 근무' 의혹 내사 착수",Social
"""서면시장번영회 해고 노동자를 즉각 복직시켜라""",Social
"[2보] 대법 ""조건부 정기상여금도 통상임금 포함…고정성 무관""",Social
"“계엄군이 인정한 맛집” 롯데리아, 계엄 불똥…때아닌 리뷰 테러",Social
"“경고라더니”…계엄 당시 군 실탄1만발, 저격총까지 준비",Social
36년 서민 애환 서린 청주 농수산물시장 복합문화공간으로,Social
"검찰, 이화전기 'BW 부정거래' 의혹 메리츠증권 압수수색",Social
"홍성군, '논란' 치매 요양시설 건립 유보…""반대여론 등 고려""",Social
연고대 수시 최초 합격자 절반 가량 미등록…'의대 증원' 때문?,Social
"명태균 측 ""홍준표 복당 부탁 증거 넘쳐… 언행 신중하라""",Social
하나뿐인 아들 결혼 앞두고 뇌사.. 6명 생명 살리고 하늘로,Social
"대법 ""재직·근무일수 조건 붙은 정기상여금도 통상임금 포함""",Social
"다운증후군 의심된다고 아기를 살해했다…부모, 징역 5년·3년 확정",Social
"“연‧고대 의대 붙었는데 안 가요”…절반은 등록 포기, 그 이유는",Social
"법원, '공직선거법 위반' 김태우 전 서울강서구청장 벌금 80만원",Social
"국민연금기금, '환헤지 비율 최대 10% 상향 조치' 내년까지 연장",Social
외아들 결혼 석 달 남았는데…6명 살리고 떠난 아버지,Social
"[속보] 尹 측 ""대통령, 당당한 입장.. 내란죄 생각해 본 적 없어""",Social
의대 증원에…연세·고려대 수시 등록 포기 늘었다,Social
"검찰, “공천받게 기도해줄게” 건진법사에 구속영장 청구",Social
"정부, 친일파 이해승 땅 소송 사실상 패소…대법서 확정",Social
"공조본, 윤 대통령 2차 출석 요구 검토",Social
“국민 분노 안 보이나···‘내란공범’ 국민의힘의 탄핵 지연 규탄”,Social
"尹측 ""대통령, 계엄 당시 '체포하라' 지시한 적 없다고 말해""[영상]",Social
"대구 달성군, 내년도 예산 9천568억원 확정",Social
"법원 ""남영진 전 KBS 이사장 해임 취소""…1심 승소(종합)",Social
김동연 “미래먹거리·민생회복지원금 등에 투자할 30조 ‘수퍼추경’ 편성해야”,Social
"“언니, 동생” 하던 유흥업소 실장·전직 배우 실형… 法 “故이선균 협박해 사망 원인”",Social
"대법 ""조건부 정기상여금도 통상임금 포함…고정성 무관""",Social
서울 강서구서 새벽에 40대 남성 살해한 50대 남성 체포,Social
[자막뉴스] 가방만 두고 홀연히...문 앞에 두고 간 '기부금',Social
'공직선거법 위반' 김태우 전 강서구청장 1심 벌금형,Social
부산 오피스텔서 흉기로 여성 협박한 20대 남성 검거,Social
"명태균 변호인 ""홍준표, 복당 부탁 안 했다? 금세 들통날 거짓말 하지 말라""",Social
"[단독]檢특수본, 김영호 통일장관 조사…계엄 염두 ‘충암고 인사’도 의심 ",Social
재판 전략? 어차피 구속? '12·3사태' 영장심사 줄 포기 이유는,Social
"양산 웅상출장소 오수 처리하는 울산 회야하수처리장, 2026년까지 2만t 증설한다",Social
"'해임 취소' 남영진 전 KBS 이사장 ""사필귀정""",Social
"[속보] 대법 ""조건부 정기상여금도 통상임금 포함...고정성 무관""",Social
국제인권단체들도 “윤석열 처벌해 민주주의 승리 보여달라”,Social
‘조의금 5만원 충분’ 성균관이 딱 정함…“7만원은 넘쳐”,Social
"[속보] ""나는 중도다"" 국민의 53%→38%로 줄어…좌파 22%, 우파 40%",Social
"[영상] 윤 대통령 측 석동현 변호사 기자회견 ""수사·탄핵 당당히 맞서겠다는 입장""",Social
"경찰, 내란 혐의 조지호 경찰청장·김봉식 서울청장 20일 송치",Social
"[속보] 尹측 변호사 ""尹, 상식적으로 내란 당치 않다 생각""",Social
"창원시장, 2심 당선무효형 상고…민주당 시의원들 ""사퇴해야""(종합)",Social
"청소년도 화났다 ""가만 안 있어, 모이자 광화문""",Social
"""말장난으로 국민 우롱""…노동·시민단체, 與 헌법재판관 임명 촉구",Social
[기자수첩] 5·18민주광장에서 바라본 '12·3 계엄 사태',Social
음주운전하다 오토바이 '쾅'…3명 사상 사고 낸 공무원 송치,Social
"대법 ""재직 조건부 상여금도 통상임금""…고정성 요건 폐기",Social
"홍준표, ‘직장 내 갑질’ 징계받은 수장에 ‘격려’?…물의 일으킨 인사 ‘셀프표창’ 이력도 구설",Social
[속보] 대법 “재직자에게만 주는 상여금도 통상임금”... 기업 부담 6조 증가 전망,Social
‘연고대’도 필요 없다… 합격자 절반이 등록 포기한 이유?,Social
"""비타민D, 노년기 근감소증 예방에 운동 못지않은 효과""",Social
"정준호 의원, 수소차 재검수수료 폐지 이끌어냈다",Social
"세종종합체육시설, '공연+경기' 가능한 복합시설 건립 제시",Social
"국민 82% ""의대 증원 필요""…74% ""공공의대, 의료 사각지대 해결할 것""",Social
태아 장애아 의심에 조기 출산 후 살해… 부모 나란히 실형,Social
大法 “‘재직자 조건 상여금’도 통상임금”,Social
"윤석열 대통령, 현직 첫 수사기관 출석…전직 박근혜 대통령과 다른 점은?",Social
"정부, 친일파 이해승 땅 소송 사실상 패소…대법서 확정",Social
"거리로 나선 청소년들 ""윤석열 퇴진·국민의힘 해체""",Social
2개월 아들 때려 두개골 골절로 사망…20대 아빠 혐의 부인,Social
"[속보] 윤 대통령 측 ""체포하라·끌어내라 지시한 적 없다, 대통령도 법률가""",Social
‘류희림 민원사주 의혹’ 폭로 공익제보자에 민주시민언론상,Social
춘천시 의암호 수변 출렁다리 랜드마크 주목…24일 개통,Social
"[속보] 尹 측 변호사 석동현 ""대통령, '체포'의 '체'자도 없었다고 말해""",Social
승객 태운 채 4시간 지연…대한항공 과징금 2500만원,Social
"헌재 ""윤 대통령 출석 요구서, 미배달…서류 송달 중""(2보)",Social
"검찰, '신주인수권부사채 부정거래' 메리츠증권 압수수색",Social
"""'헌법재판관 임명 지연' 국민의힘, 몽니 부리지 마라""",Social
"헌재 ""尹 탄핵심판 서류 오늘도 반송…'송달 간주' 여부 23일 발표""",Social
"""이선균 사망원인 됐다"" 지적한 판사…3억 뜯어낸 두 여자 '징역형'",Social
'하마터면' 전북 정읍 산단서 염산 10톤 누출…일부 상하수도 배관으로 흘러,Social
"국민 74.3% ""공공의대가 의료사각지대 문제 해결할 것""",Social
"尹측 ""대통령, 체포의 '체'도 말 안 했다 하더라""(2보)",Social
"""홍남표 창원시장 사퇴해야…연일 수사·재판에 시정공백""",Social
"일동제약 ""먹는 코로나 치료제, '품목허가 재신청' 추진""",Social
"HLB테라퓨틱스, 5% 무상증자 실시",Social
한미약품 주총 '박재현 대표 지지'…새해 3월까지 불씨 여전,Social
'비급여·실손보험 개선안' 담긴 의료개혁 2차 실행안 연내 발표 끝내 무산,Social
"法 ""남영진 전 KBS 이사장 해임 처분, 취소해야""",Social
"한화오션, 울산급 ‘스마트 호위함’ 배치-Ⅳ 1·2번함 건조 본계약",Social
[속보]법원 “남영진 전 KBS 이사장 해임처분 취소”···윤 대통령 패소,Social
"[속보]윤석열 ‘수취 거부’ 계속···헌재, 23일쯤 ‘송달 간주’ 결정 예정",Social
19살에 삼청교육대 끌려간 피해자 위자료 증액 판결,Social
"尹측 ""대통령 당당한 입장…미리 말하고 하는 내란이 어딨나""",Social
티메프 여행상품 집단조정 135억 전액 환급 결정…PG사도 30% 내라,Social
"안도걸 의원, ""환율 1400원대 '뉴노멀' 지속 우려…특단의 대책 필요""",Social
"""尹, 파면될 것"" 73%..""헌재, 빨리 결정해야"" 68%",Social
시민 영웅·‘야신’·해치... 제야의 종 친다,Social
"선관위, 극우 유튜버 등 '부정선거' 의혹 제기에 ""근거 없다"" 일축",Social
"[속보] 尹측 변호사 석동현 ""대통령도 법률가…'체포·끌어내라' 용어 쓴 적 없다 들어""",Social
"진에어, 인천∼타이중 취항…주 7회 운항",Social
"'건진법사' 1시간 구속 심사…""윤 대통령 언제 연락했나""에 묵묵부답",Social
"생후 57일 된 아들 폭행해 두개골 골절로 숨지게 한 친부 ""학대한 적 없다""",Social
"'국회 현장 지휘' 김현태 707특임단장…""실탄 1920발 가져갔다""",Social
"서울시, 신혼부부 장기전세 잠원·용답동 등 395가구 공급",Social
"국정원 ""우크라 파병 북한군, 사망자 최소 100명·부상 1000명""",Social
"尹측 ""대통령 현재 상식에서 내란죄 동의하지 않아""",Social
"[현장영상+] 윤 대통령 측 ""'체포·끌어내라'는 용어 안 썼다고 들어""",Social
"법원 ""남영진 전 KBS 이사장 해임 처분 취소해야""…1심 승소",Social
"'당선무효형' 홍남표 창원시장, 상고…""증거에 문제 있어""",Social
"'다운증후군' 의심 태아 조기 출산해 살해한 부모, 살인죄 확정",Social
K-민주주의 굳건하다? 난 학교가 걱정된다,Social
"빛이 어둠을 만들 듯이, 고기압은 저기압을 만들었다",Social
"진실화해위 ""사북사건, 중대 인권침해"" 진실 규명 결정",Social
"인천 송도유원지 부활하나...인천시, 마스터플랜 발표",Social
“장애아 못 키운다” 조기 출산해 살해한 부모·조모…‘살인죄’ 실형,Social
"‘故 이선균 협박’ 유흥업소 실장 징역 3년 6개월, 전직 영화배우도 실형",Social
"[2보] 법원 ""남영진 전 KBS 이사장 해임 처분 취소해야""",Social
"'부실 복무 논란' 위너 송민호, 경찰 내사 착수…비난 목소리 '시끌'",Social
"헌재 ""尹 출석요구서 경호처서 수취 거절…23일 입장 낼 것""",Social
"[단독] 검찰,'서정진 공갈 혐의' 혼외자 친모 보완수사 요구",Social
[속보] 정몽규 대한축구협회장 4선 도전 선언 “결자해지 각오”,Social
"'윤 대통령 수사 이첩' 심우정 ""특수본이 최종적 수사와 결정 하게 될 것""",Social
"서울변회, 24년 우수법관 102명 발표…최고점에 김민지 판사",Social
부천 공사장서 머리 위로 10㎏ 건설자재 떨어져 80대 사망,Social
"복무 해제 앞두고…경찰, 송민호 ‘부실 근무’ 여부 내사 착수",Social
"[속보] 남영진 전 KBS 이사장, 윤석열 상대 해임취소 소송 승소",Social
"광주 GGM 노사, 단체교섭 끝내 결렬…조정 절차 돌입",Social
"서울행정법원 ""남영진 전 KBS 이사장 해임 처분 취소""",Social
한강공원 눈썰매장 개장일 24일로 변경,Social
"정몽규, 축구협회장 4선 도전 출사표...""이렇게 물러나는 것 책임 다하는 것 아니라는 판단""",Social
법원 “남영진 前 KBS 이사장 해임 처분 취소해야”,Social
"해외 출장비 여행 업체에 떼이고, 성비위까지… 천안시의회 종합청렴도 전국 꼴찌",Social
"국정원 ""파병 북한군 사망자 최소 100여 명·부상 1천 명""",Social
"공수처, '형사 계엄 체포조 동원 의혹' 영등포경찰서장 소환",Social
"'무죄→유죄' 홍남표 창원시장 ""대법서 진실 밝히겠다""",Social
동탄1·2신도시 연결 '경부고속도 상부 도로' 6개 전면 개통,Social
"검찰, 이화전기 BW 거래 관련 '부정거래행위' 메리츠증권 압수수색",Social
"""명태균 휴대전화 1대당 파일 15.5만 개…홍준표, 복당 부탁 증거 있어""",Social
"""추운 날씨엔 온천이지"" [뉴시스Pic]",Social
부천 공사장 80대 노동자 떨어진 거푸집에 머리 맞아 사망,Social
"의회 회의 중 ""XXX"", 생중계까지 됐다…광주 서구의원 고소장 접수",Social
"[속보] 조국혁신당 ""한덕수, 거부권 행사.. 즉각 탄핵 소추해야""",Social
"""위치추적기 달고 동선까지 파악했다"".. 전 여친 살해한 40대 '중형'",Social
"[단독]‘건진법사’에 청탁 정치인 “공천 목적으로 돈 줬다”…檢, 진술 확보",Social
'내란 혐의' 경찰청장·서울청장 내일 송치…尹 2차 소환 통보 촉각,Social
"민주 경남도당 ""홍남표 시장, 사퇴해야…당선무효형""",Social
"'건진법사' 1시간 구속심사…""尹과 언제 연락했나""에 침묵",Social
부산 오피스텔서 말다툼 女에 흉기들고 위협…20대 체포,Social
“성지순례왔다” 재평가된 양문석 9월 기자회견…“군 장성들이 나무위키 삭제”,Social
"검찰, 부정거래 혐의 메리츠증권 본점 압수수색",Social
"심우정 검찰총장 ""적법절차에 어떠한 빌미도 없어야""",Social
"“언니, 동생” 하던 이선균 협박범들… 재판서 드러난 전말",Social
"""송민호, 정상 생활 어려워…조기 소집해제 권유했지만 거절해""",Social
"윤 대통령 측 “내란죄 동의 못해”…검찰, 군 지휘관 잇단 조사",Social
금호타이어 공장서 잇단 사망사고…안전 못 지키는 '노사 합의안',Social
"KAIST, 세계 최초 소형 초저온 냉각장치 개발",Social
비교적 포근한 겨울 날씨에 한강공원 눈썰매장 개장 24일로 연기,Social
尹측 “‘나 내란한다’ 하고 하는 내란도 있나…대통령은 당당한 입장”,Social
동료 여경 강제로 껴안은 제주 경찰관 징역 1년 구형,Social
"헌재, '尹 탄핵심판' 접수 후 첫 재판관 평의",Social
전남도교육청 지방공무원 승진 97명 등 정기 인사,Social
"전국 농민 트랙터 상경시위…""윤석열 체포·양곡법 거부권 규탄""",Social
태아 장애 의심되자 조기 출산해 살해‥살인죄 실형 확정,Social
뒤집히는 에어매트...고정고리 만들어 잡는다,Social
장애 의심되자 조기 출산해 살해한 가족…살인죄 실형 확정,Social
"공수처, '비상계엄 모의' 문상호 정보사령관 휴대전화 확보",Social
"국민과반 ""한국은 복지국가""…아이 키우거나 젊을수록 동의율↓",Social
"중앙선 철도, 완전 복선전철화 마치고 내일 개통…KTX-이음 운행",Social
"경찰, 조지호 경찰청장·김봉식 서울청장 내일 검찰 송치",Social
"2030세대 절반이 ""국민연금 수령 시기 늦춰야""...기초연금도 개정 필요",Social
"심우정 검찰총장 ""국가 명운달린 중대사건, 어떤 빌미도 남기지 않아야 """,Social
태아 장애 의심되자 조기 출산 후 살해한 비정한 부모,Social
"군인권센터, '윤 대통령 관저 앞 집회 금지'에 집행정지 신청",Social
"민주노총 ""대통령 즉각 체포·구속해야""‥노란봉투법 재추진",Social
공모 선정만 되면 끝? 천억원 대 사업 2년 넘게 방치,Social
의대 증원 영향… 연·고대 수시 합격자 46% 등록 안 해,Social
제천·단양서 KTX 타고 부산 간다…중앙선 전 구간 개통,Social
尹 변호인 측 “미리 말하고 하는 내란 어딨나…당당한 입장”,Social
이재명 선거법 소송기록 수령…  2심 재판 본격 시작할 듯,Social
"책임자 A씨 “송민호 조기 소집해제 권유 받아, 소명자료 낼 것”",Social
올겨울 최강 추위 지속…‘화이트 크리스마스’ 없다,Social
"""연·고대 의대 붙었지만 안 갈래요""…절반 가까이 '등록 포기', 무슨 일?",Social
"주취소란 현행범 뺨 16대 때린 경찰, 항소심서 선고유예",Social
"""정보사령관·대령들도 못 참는 그 맛, 내란 맛집""…햄버거 패러디 봇물",Social
"한강 눈썰매장 20일→24일로 개장 연기…""포근한 날씨 탓""",Social
"檢, ‘코인 시세 조종’으로 70억원 취득한 업자 2명 구속",Social
'전교생 160명' 전남 섬 고등학교에서 서울대 의대 합격 '경사',Social
"점집서 흉기 휘두르고 금품 훔친 30대, 징역 20년 선고",Social
"[현장] ""엄동설한에 어디로 가나요""…인천 야적장 화재로 이재민 19명",Social
이선균 협박해 돈 뜯어낸 유흥업소 실장·전직 배우 '실형',Social
완도산 전복 유럽 식탁에 오른다…네덜란드 첫 수출 선적,Social
“송년회 해달라” 호소에도… 연말 자영업 경기는 ‘얼음장’,Social
"검찰총장 ""국운 달린 사건, 절차 빌미 안 돼""… 尹 공수처 이첩 이유 설명",Social
[이시각헤드라인] 12월 19일 뉴스현장,Social
"""윤통 최고! 2차 계엄 부탁"" 교회 현수막 논란…시민단체, 전광훈 측근 고발",Social
"한덕수, 양곡법 등 6개 법안 거부권…""尹의 길 따르겠다는 선포""",Social
배우 이선균 협박해 3억 뜯은 유흥업소 여실장·전직 영화배우 징역형,Social
"계엄 당일 밤, 국민의힘 단톡방은…""민주당 담 넘어 들어간답니다""",Social
"두개골 골절로 사망한 2개월 아기…20대 아빠는 ""폭행 안 했다""",Social
"소집해제 4일 남은 송민호… 경찰, '부실 복무' 여부 내사 착수",Social
"尹측 ""대통령 당당한 입장‥미리 말하고 하는 내란 어딨나""",Social
"'이태원 특조위 출범 100일' 송기춘 ""정치적·도덕적 책임 확실히 할 것"" [뉴시스Pic]",Social
장애 의심 아기 낳자마자 방치…친부모·외조모 '살인 혐의' 실형,Social
"임대료 하루 1천원…인천, 신혼부부 대상 ‘천원주택’ 공급",Social
"김동연, ‘신속·충분·과감’ 절체절명 대한민국 경제 위기 대응 내놨다",Social
"""젊은 세대에 미안, 노인들 너무 미워 말길""…'탄핵 눈물' BBC뉴스 이승방씨의 당부",Social
"검찰, 메리츠증권 압수수색...이그룹 BW 부정거래 혐의",Social
"'생후 57일 아들' 학대해 사망케한 친부, 혐의 전면 부인",Social
"오주영 전 대한세팍타크로협회장 ""반이기흥 단일화 민주주의 훼손""",Social
"2심서 당선무효형 선고 홍남표 창원시장, 대법원 상고",Social
"경찰, 민주당 고발 尹·김용현 ‘일반이적죄’ 사건 공수처 이첩",Social
"경찰 ""경찰청장·서울청장 내일 검찰 송치 예정…마지막 조사 중""",Social
‘다운증후군’ 의심 태아 조기출산 뒤 살해…부모 실형 확정,Social
서울시 신혼부부 ‘미리 내 집’ 올해 마지막 물량 395가구 모집,Social
'의대 증원'에 수시 추가합격 늘듯…연고대도 합격자 절반 등록 포기,Social
"""개표조작 현실적으로 불가능""… 선관위, 부정선거 의혹 조목조목 반박",Social
"尹 측 석동현 ""미리 말하고 하는 내란이 어딨나…대통령 당당해""",Social
만취 운전하다 사망사고 내고 도주한 30대 징역 6년 8개월,Social
"인천시 ""옛 송도유원지 일원 복합개발…부영 땅 제외""",Social
'포근한 겨울' 인공눈 안 채워져…한강 눈썰매장 개장 연기,Social
"전국 농민 트랙터 상경시위…""윤석열 체포·양곡법 거부권 규탄""",Social
"여수해경, 불법어구 적재 새우잡이 어선 37㎞ 추격해 검거",Social
경기도 청렴도 한 단계 추락 '4등급'...경기도의회는 '3등급' 반등,Social
위탁선거법 위반 노동진 수협중앙회장 항소심도 ‘직 유지’,Social
윤석열 파면 촉구하는 청소년들,Social
"민주노총 ""탄핵이 끝 아냐, 사회대개혁 길 열 것…'노조법 개정안' 통과 시급""",Social
김귀선 봉사활동가 “나의 작은 도움이 기적이 되기를”,Social
'탄핵 가결' 14일 여의도 생활인구 '50만 명'...평소 같은 시간의 5배,Social
[책]“내 귀에 끝없이 소리치는 유혹에서 도망쳐라”,Social
"이태원 특별조사위원회 ""대통령까지도 참사 관련 살펴봐야""",Social
59승 김영관 vs 57승 백광열…올시즌 경마 다승왕 '격돌',Social
"검찰, 메리츠증권 압수수색... 이그룹 BW 관련 부정거래 혐의",Social
"순찰차 추돌사고 유발한 오토바이 폭주족, 징역 1년 6개월",Social
"檢총장 ""적법절차로 빌미 없어야""…'尹이첩 반발' 검사장에 서신",Social
대전서 두 살배기 자녀 학대해 숨지게 한 부부 '구속영장',Social
"尹측 ""대통령 당당한 입장…미리 말하고 하는 내란 어딨나""",Social
"적막감 휩싸인 `건진법사` 법당 추정 단독주택…""벤츠·포르쉐 등 고급 외제차 자주 주차""",Social
‘건진법사’ 1시간 구속심사…“尹과 무슨 관계” 묻자 묵묵부답,Social
경찰청장·서울청장 마지막 경찰 조사‥내일 검찰 송치,Social
"""구치소 인권침해"" 국가 손배소 차규근 의원, 내년 2월 결심",Social
"""12월 14일을 어떻게 잊어요""…가격 10배 뛴 '탄핵 에디션'",Social
죽어가는 작물... 기후위기 막는 방법은 하나다,Social
"김현태 707단장 ""국회 투입 당시 실탄 1천920발 챙겨 출동""",Social
동해 ‘대왕고래’ 시추 오늘 첫 굴착…어민이 해상시위 나선 이유,Social
"성신여대 래커칠 학생 색출, 보수단체 추정 단체 경찰에 고발장 접수도",Social
"무단횡단하던 자율주행 로봇, 차량에 쾅! 사건 전말은",Social
"대구 중구의회 배태숙 의장 제명…""불법 수의계약 혐의 추가""",Social
"식약처 승인 위해 실험 조작·청탁 혐의 현직 교수, 징역형 집유",Social
"동료 도주시키려 ‘순찰차 추돌 유발’ 오토바이 폭주족, 2심도 실형",Social
"윤 대통령 측 ""내란죄 동의하지 않는다""(상보)",Social
"'공수처 이첩' 내부 달래기 나선 심우정…""적법절차 불가피""",Social
"尹측 석동현 ""대통령 당당한 입장…회견하는 내란이 어딨나""",Social
"태안-안성, 국내 최장 민자 고속도로 추진",Social
"대한축구협회장 선거, 천안에 '불똥' 반발 확산",Social
"80년 계엄령으로 삼청교육대 끌려간 피해자, 국가 상대 손배소송에서 위자료 증액 결정",Social
'불법수의계약 논란' 대구 중구의회 의장…결국 제명됐다,Social
화천 선등거리 불켜지고 실내 얼음조각광장 개장,Social
"""나라가 미쳤어"" 자영업자 내란 직격탄…""尹거부"" 가게 전면에[이슈세개]",Social
"더불어민주당 정선군의원들, 윤석열 탄핵 인용 촉구 성명",Social
동료 도망시키려 순찰차와 고의 추돌…오토바이 폭주족 2심도 실형,Social
선관위 “부정선거 주장 근거無…이해 부족해 여론선동”,Social
대기업도 끊이지 않는 산재사고…예방조치 의무 위반 사업장 468개,Social
"한밤중 살인 저지르고 도주했던 40대 男, 경찰에 붙잡혀",Social
화성동탄 1·2신도시 잇는 상부연결도로 이달 전면개통,Social
"외아들 결혼 앞두고 쓰러진 아버지, 6명에게 새 삶 주고 떠나 [따뜻했슈]",Social
‘의대 증원 여파로…’ 연고대 수시 최초합격자 절반 ‘등록 포기’,Social
"2차 동학농민혁명, 논산 소토산에서 의병연합군 결성",Social
"尹측 ""대통령 당당한 입장…미리 말하고 하는 내란 어딨나""",Social
"충남 한 사립고 관리자급 직원, 동료직원 강제추행 혐의로 피소",Social
[뉴스나우] 탄핵 심판 서류 안 받는 윤 대통령...헌재 '송달 간주' 검토,Social
"경찰 특수단, ‘내란중요임무종사’ 경찰청장·서울청장 내일 송치",Social
'여경 강제추행 혐의' 제주 경찰관 징역 1년 구형,Social
연·고대 수시합격하고도 줄줄이 '포기'...뜻밖의 상황 벌어졌다 [지금이뉴스],Social
"배태숙 대구 중구의장, 직무정지 및 의원직 박탈돼",Social
"국민연금, 환헤지 비율 10% 상향 내년까지 추가 연장",Social
"겅찰 특수단, '내란 혐의' 조지호·김봉식 내일 송치…막바지 조사 중",Social
제천·단양서 KTX 타고 부산 간다…중앙선 전 구간 개통,Social
중앙선 안동~북영천 완공으로 '원주~부산' 3시간10분 주파,Social
"검찰, 코인 시세 조종으로 70억원 편취한 30대 구속",Social
경찰청장·서울청장 마지막 조사…내일 검찰로 송치,Social
경찰청장·서울청장 마지막 조사…내일 검찰로 송치,Social
"""엿보지 말고 들어오세요""…'관광객 몸살' 감천문화마을의 실험",Social
"'송도유원지 르네상스' 마스터플랜 발표…""허브 시티 혁신""",Social
"'여수시민 연말연시 횡재'...여수시, 카드형 상품권 15% 특별 할인",Social
조규홍 복지부 장관 “의료개혁 한시도 미룰 수 없는 시급한 과제”...탄핵 정국에도 개혁 완수 의지,Social
"김동연 지사 ""경제 총체적 난국… 30조원 슈펴추경·0.5%p 빅컷"" 제안",Social
"주말 동안 전국에 눈...서울 최대 5㎝, 강원은 10㎝ 적설 예상",Social
모습 드러낸 '건진법사'…묵묵부답 일관,Social
“내년 1학기 국가장학금 신청하세요”…한국장학재단 “모든 대학생 신청 가능”,Social
"홍준표, 그리고 김 여사 목소리...명태균 '황금폰' 파일 복구했더니 [지금이뉴스]",Social
제주도 빈집 1000가구 넘었다… 5년전 보다 34% 증가,Social
'정치자금법 위반' 건진법사 영장심사…'묵묵부답',Social
"[현장연결] 윤 대통령 측 석동현 변호사, 외신기자 상대 간담회",Social
"우금티고개에 모인 전봉준투쟁단 ""윤석열 체포, 국힘 해체 이뤄낼 것""",Social
"황금폰 파일 15만여 개 복구...명태균 측 ""홍준표, 복당 부탁""",Social
포항시 보조금 18억원 가로챈 언론사 대표 징역 3년,Social
“장애인 야학을 살려라”…석 달 만에 목표 달성,Social
"[속보] '국회 투입' 707 단장 ""실탄 1920발 챙겨 출동""",Social
"부산 민주화운동 원로 배다지 선생, 국보법 위반 누명 벗었다",Social
"대통령 측 ""尹, 내란 동의 못 해…변론 직접 할 의지 있어""(종합)",Social
‘대왕고래 프로젝트’ 닻은 올렸지만…시작부터 난항,Social
"환경단체 ""한수원, 탄핵혼란 속 한빛 1·2호기 수명연장 제출"" 규탄",Social
"""부의금, 얼마가 적당할까""…성균관유도회가 권고한 금액은?",Social
학생들에게 성폭력은 신고하고 해결할 수 있다는 믿음을 주려면…[서리풀 연구通],Social
"[시사정각] '윤 45년 지기' 석동현 ""내란죄 성립 안돼...한 대행 '재의요구' 행사",Social
코인 시세 조종해 70억 부당이득…업자 2명 구속,Social
서울 강동구 길동 전통시장서 불…점포 4곳 피해,Social
"[단독]공수처, ‘비상계엄 모의’ 문상호 전 정보사령관 휴대전화 확보",Social
법원 “권태선 방문진 이사장 해임 처분 취소해야”,Social
"""계엄으로 이태원 특조위 활동 우려 목소리 있지만, 과업 완수할 것""",Social
"송민호, 소집해제 코앞인데…'부실 복무' 경찰 내사 착수",Social
"한미약품 이사회 변화없다…형제들, 주총서 뒤집기 실패(종합)",Social
의대 교수들 “증원 반대”…지방대 병원은 ‘구인난’,Social
양주 가납~상수 연결 국지도 3㎞ 부분 개통…제2순환로 연결,Social
"홍남표 창원시장 ""대법원 상고할 것""",Social
"검찰, '황금폰'서 명태균 - 김 여사 통화 녹음 확보",Social
제인폰다가 강추한 '반핵 영화' 보러 오실래요?,Social
93%가 외로움 고위험…대전시 ‘은둔형 청·중장년 조사결과’ 발표,Social
인천시 “옛 송도유원지 ‘경제자유구역 지정’ 철회…복합단지 조성”,Social
"""25개월 딸이 숨을 안 쉰다""…아이 몸은 '멍투성이'",Social
"이태원참사 특조위원장 ""대통령 참사 관여 살펴볼 것""",Social
“입 좀 닥치라” 동료 위원에게 회의서 욕설한 김용원 인권위원,Social
“여친도 기대했는데… 크리스마스 예약 식당에 뒤통수 맞았습니다”,Social
의암호 수변 출렁다리 ‘춘천 사이로 248’ 24일 개통,Social
"민주당경북도당 “내년 4월 김천시장 보궐선거, 국민의힘 후보 공천 여부 입장 밝혀라”",Social
[단독] 성신여대 래커칠 학생 색출 논란…학교 조사에 경찰 수사까지,Social
한빛원전 1·2호기 수명연장 신청에…주민·환경단체 반발,Social
[기후는 말한다] 경기 6개 시 특별재난지역 선포…제외 지역은 경기도가 직접 지원,Social
"이재명, 선거법 사건 항소심 서류 수령…2심 절차 시작",Social
"한덕수 대행, 탄핵 경고에도 양곡법 등 6개 법안 거부권 행사 [프레스룸 LIVE]",Social
[기후는 말한다] 폭염 여파 겨울까지…감귤·딸기 가격 고공행진,Social
"[단독] 檢, 이화전기 'BW거래' 메리츠증권 압수수색",Social
"원·달러 환율 1,450원 돌파 / 9시간 우주 유영 [프레스룸 LIVE-LIVE PICK]",Social
"'불법 정치자금 수수 혐의' 건진법사, 오늘 구속 여부 결정",Social
"'내란 혐의' 조지호·김봉식 내일 송치…경찰 특수단, 막바지 조사",Social
"민주당 ""김위상, 비리백화점의 전형"" 강도 높게 비판",Social
올해 제야의 종 타종할 ‘시민 영웅’은 누구?,Social
코로나 신약 임상 허위자료 제출' 현직 교수 징역형 집행유예,Social
두개골 골절돼 숨진 2개월 아기…父는 “때린 적 없다” 母는 “다친 이유 몰라”,Social
"국내 연구진, 교모세포종의 항암제 내성 극복할 단서 찾아",Social
"주취소란 현행범 뺨 16대 때린 경찰, 항소심도 선고유예",Social
"'건진법당' 단독주택 가보니…""고급 외제차 자주 오가""",Social
"'계엄 비선' 노상원 전 사령관, 성추행 불명예 전역",Social
"부산시, 4500억원 투입해 긴급 민생안정 프로젝트 추진",Social
"공수처, 尹 재소환 통보 방침…검찰총장 내홍 진화",Social
"원주시와 인사평가 문제로 갈등 빚은 노조, 경찰과도 대립…왜?",Social
건진법사 영장실질심사 1시간 만에 종료…'침묵' 일관,Social
코인 시세조종으로 수십억원 챙긴 일당 구속,Social
김동연 “30조원 규모 슈퍼 추경 제안…악순환의 고리 끊어야”,Social
"공조본, 경호처 압수수색 불발…경찰, 문상호 정보사령관 체포",Social
"""김영선 좀 해줘"" 그날‥'김 여사 통화 음성' 확보",Social
"헌재, '尹 탄핵심판' 접수 후 첫 재판관 평의",Social
"대구변호사회, 2024년도 우수법관 8명·개선요망법관 5명 선정",Social
"‘계엄 비선’, 노상원 전 정보사령관은 누구?",Social
"주취소란 현행범 뺨 16대 때린 경찰, 항소심도 선고유예",Social
"'선거법 위반' 홍남표 창원시장 ""일부 진술만으로 유죄 나와""",Social
"""비타민D, 노년기 근감소증 예방에 운동 못지않은 효과""",Social
‘내란 실행 혐의’ 노상원 전 사령관 구속,Social
토요일엔 중부지방 중심 '대설'…일요일엔 '한파',Social
[이시각헤드라인] 12월 19일 뉴스센터,Social
"""내 아내를 죽여주게"" 부처처럼 모셨던 스님에게 사주 받은 살인사건, 혼자 독박 쓴 이유",Social
"尹, 공수처 2차 소환도 ‘불응’할 가능성",Social
"'수사 이첩' 내부 반발에…검찰총장, 검사장들에 서신",Social
21일 수도권 최대 8㎝ 적설 등 '대설특보' 예상…주말부터 기온 '뚝',Social
"대통령 측 ""尹, 내란죄 동의 안해…국민 눈높이서 바라본 생각""",Social
헌재 재판관 첫 평의…'송달 지연' 대책 마련,Social
'불법정치자금' 건진법사 영장실질심사 종료…尹 부부 질문 침묵,Social
"[에듀플러스]서울과기대, 2025학년도 정시모집 다음달 3일까지…자유전공·의과학대학원 신설 주목",Social
"검찰총장 ""내란사건에 국가 명운…적법절차로 빌미 없어야""",Social
"[속보] 한덕수 권한대행, 쟁점 6법 거부권 행사.. ""마음 무거워""",Social
"[프레스룸 LIVE] 공수처가 대통령 수사…윤 대통령 측, 출석 여부 밝히나",Social
‘윤 캠프 활동 의혹’ 건진법사 구속 기로…불법 정치자금 수수 혐의,Social
"홍남표 창원시장, 항소심 당선무효형에 즉각 상고",Social
"""故 이선균, 공갈 범행이 사망 원인"" 유흥업소 실장·전직 영화배우 결국 실형",Social
"이재명, 소송서류 수령‥'선거법' 2심 본격화",Social
'햄버거 회동' 노상원 구속‥대통령실 압수수색 난항,Social
"경찰 특수단, 조지호 경찰청장·김봉식 서울청장 내일 송치",Social
"'건진법사' 영장심사 1시간만에 종료…""드릴 말씀 없다""",Social
"검찰, ‘계엄 사태’ 군 지휘관 잇따라 조사…노상원 전 사령관 구속",Social
[12뉴스] 오늘의 주요뉴스,Social
"""이선균, 공갈 범행에 사망"" 꾸짖은 판사…3억 뜯은 두 여자 결국",Social
헌재 '탄핵심판' 첫 평의‥'송달 절차' 논의,Social
"'19세에 삼청교육대 끌려가 고초' 피해자, 2심서 국가 손배액 늘어",Social
"민주노총 ""반노동 정책 폐기…사회대개혁 추진할 것""",Social
"생후 57일 아기 머리 골절 사망…20대 친부 ""학대치사 혐의 부인""",Social
‘탄핵 집회 중계’ 유튜버 행패… 경찰에 싸움걸고 초상권 침해까지,Social
‘건진법사’ 오늘 영장실질심사… ‘尹 비선의혹’ 도 드러날까,Social
"대통령 변호인, 외신 앞에서 “당당한 입장, 내란죄 동의 못해”",Social
진실화해위 “‘통일혁명당 연루’ 배다지씨 고문·가혹행위 피해 확인”,Social
계엄 뒤 물고문·성고문…‘사북 사건’ 피해자 14명 진실규명 결정,Social
"국정원 ""지난해 선관위 점검…당시 부정선거 여부 판단 못해""",Social
40대 男 4명 중 1명 미혼… 20년 전보다 6.7배 늘었다,Social
"군 수뇌부 5명 구속, 공수처 이첩까지…檢 내란 수사 '반환점'",Social
'다운증후군 의심'에 제왕절개로 조기 출산…신생아 살해한 가족,Social
계엄과 노동판례…군인은 모든 명령에 복종해야 할까,Social
"회사 떠난지 11년만에 나타나 ""불법파견…정규직 인정해달라""",Social
대기발령·직위해제 둘러싼 소송 피하려면…,Social
"소비자원, '티메프 사태' 분쟁조정 결과 발표…""대금 환급하라""",Social
병원 야간당직 서면 연장근로수당? 대법원의 판단은…,Social
"장애 의심 아기, 양육 부담에 살해한 가족… 실형 확정",Social
"부산시선관위, 부산시교육감 예비후보 등록 시작",Social
"""비타민D, 노년기 근감소증 예방에 운동 못지않은 효과""",Social
음주 사망사고 내고 도주한 30대 운전자 징역 6년 8개월,Social
태아 장애 의심되자 조기 출산해 살해…살인죄 실형 확정,Social
한밤중 만취 상태로 보행자 들이받고 달아난 '음주 운전 뺑소니' 30대,Social
40대男 4명 중 1명은 결혼 안했다…30대 남성 절반은 미혼,Social
"'음주 뺑소니 사망' 징역에…""내 아들 돌려줘"" 울부짖은 가해자母",Social
"'비정한 부모' 다운증후군 신생아 제왕절개로 출산, 살해 뒤 매장",Social
"'장애영아 살해' 친부모·외조모, 대법서 징역형 확정",Social
"전주서 행인 치어 죽게 한 30대 만취운전자, 징역 6년8개월",Social
경찰청장·서울청장 내일 검찰 송치…경찰 마지막 조사,Social
"""어른으로서 미안""...비상계엄 탓 상처 입은 '충암고'에 봉사 나선 시민들",Social
"조지호·김봉식 20일 검찰 송치...""조지호 보석신청 안해""",Social
서울 강서구 주택서 40대 男 살인사건…10대 아이도 있었다,Social
尹 부부와 인연 '건진법사' 1시간 만에 심사 종료…묵묵부답(종합),Social
"붕어빵 2개 먹었다고 ""식탐 많다"" 핀잔 예비시모…""미래가 뻔해 파혼""",Social
[속보]성환·입장 폭설 피해 재난지역 선포,Social
"""윤석열 파면 거의 100%일 것"" 前 헌법재판관의 전망",Social
"검찰, 공수처에 '尹 내란 혐의' 이첩 착수",Social
위상 위태로운 검찰…국회선 검찰개혁 시동 걸어,Social
문성호 서울시의원 “꽃 피는 봄이 오면 통일로 도심 방면 신설 유턴 신호등이 활짝 필 거예요”,Social
"경찰, 조지호 경찰청장·김봉식 서울청장 내일 송치",Social
"인기협, 올해의 '사회공헌상' 박정훈 대령 수상",Social
"""윤석열 탄핵, 박정훈 대령 재판에 영향 줄 듯""",Social
쿠팡 '블랙리스트' 폭로한 그가 탄핵집회에 8번 나간 이유,Social
"‘아이 셋 아빠’ 최민환 “호텔은 갔지만, 성매매는 안 했다”",Social
"[날씨] 추위 주춤, 중서부 초미세먼지↑...내일 밤사이 곳곳 눈비",Culture
"""헬스장서 '성병 균' 옮았다""...쓰던 수건과 속옷 안입는 女가 문제? 사실은",Culture
벼락부자들 돈 쓸어 담겠네…눈치 빠른 구찌 '기막힌 결단' [안혜원의 명품의세계],Culture
올해 ‘화이트 크리스마스’ 없다…토요일 중부 ‘눈폭탄’,Culture
[내일 날씨] 전국 흐리고 곳곳 눈·비… 수도권 미세먼지 '나쁨',Culture
하루 와인 '이만큼' 마시면...심장병 50% 뚝 떨어진다고?,Culture
동유럽 패키지 고객 5명 중 1명 MZ…인터파크투어가 내린 승부수는,Culture
"멈춰선 의료개혁, 연내 2차 실행방안 무산… 복지부 ""골든타임 놓치지 않을 것""",Culture
‘노인 피부’ 암이 스며든다,Culture
"[날씨] 한낮 이맘때 겨울…주말 전국 눈, 동해안 대기 건조",Culture
노화로 근육 감소…'이것'만 먹어도 예방 효과,Culture
"""한국 일상 평온합니다""…탄핵정국 속 진땀 뺀 명동 찾아간 장미란",Culture
"[책을 읽읍시다] ""中, 결국 트럼프에 패배""..발로 써 간 특파원의 기록",Culture
"“北학자들, 내몽골까지 고조선 강역으로 간주해  中과 역사갈등”",Culture
"“영국 유명 모델, 가족 몰래 ‘이 수술’ 받고 3일 만에 사망”… 대체 무슨 일?",Culture
2분 안에 잠든다는 ‘미군 수면법’ 화제…“전쟁 통에 꿀잠”,Culture
토요일 눈폭탄 쏟아진다…눈 그친 일요일엔 '영하 13도' 뚝,Culture
‘근감소’ 막으려면 운동?…“어르신~이 비타민 드세요”,Culture
"급성 뇌경색 환자, 골든타임 안에 수술 ‘새 삶’ 찾았다",Culture
"비수도권 최초 연장형 광역철도, ‘안심-하양 복선전철’ 21일 개통",Culture
"박재현 ""한미약품 완전 독립경영 아냐…임종윤 감사 진행 중""",Culture
영어를 배우러 갈 때마다 생기는 온갖 재앙들 [배우 차유진 에세이],Culture
"""날씨가 안 도와주네""…한강공원 '눈썰매장' 개장 24일로 연기",Culture
고혈압으로 병원 찾은 사람 747만 명... 가장 신경 써야 할 ‘이것’은?,Culture
"동짓날 전국에 비나 눈, 일요일부터 다시 강추위",Culture
"한미약품 주주, '4인 연합' 손 들어줬다…박재현 리더십 날개(종합)",Culture
“GTX 등 35개 철도·도로 2035년 이전 준공”...1기 신도시 교통대책,Culture
[팔도 핫플레이스] 춘천 사계절 품은 '의암호',Culture
토요일 눈 '펑펑' 쏟아진다…일요일엔 한파,Culture
[박동창의 맨발걷기學] <14>맨발걷기의 천연 신경안정 효과,Culture
[날씨] 오늘 낮부터 평년기온 회복…대체로 맑고 동해안 건조,Culture
스트레스가 부르는 동맥경화··· 실시간 세포 영상으로 확인했다,Culture
"햇볕 받으면 자동생성되는 비타민D, 노인 근감소증 예방에 효과",Culture
"미모의 30억 유로 상속녀 살인사건, 그 전말은 [북적book적]",Culture
도로 교통 정리해주던 '모범운전자'가 사라져 간다,Culture
[날씨] 전국 맑고 추위 주춤...밤부터 중서부 공기 탁해져,Culture
"현실의 응시자, 정아은 작가 별세…향년 49",Culture
박재현 한미약품 대표 해임안 부결…“회사 발전의 방향성 고민”,Culture
[오후날씨 꿀팁] 낮기온 어제보다 올라…동해안 대기 건조,Culture
[날씨] 오늘 아침까지 강추위…낮부터 예년 이맘때 겨울 날씨,Culture
[날씨] 낮부터 기온 올라 영상권…동해안 대기 건조 계속,Culture
"[날씨] 서울 이틀째 체감 -10℃↓...주말 눈비, 최대 10cm",Culture
[클릭!이 차]아우디 대형 SUV '더 뉴 Q7'…4년 만에 부분 변경,Culture
"[날씨] 올겨울 최저, 차츰 기온 올라‥내일 서쪽 곳곳 비·눈",Culture
"""음경이 '뼈'로 변한다고?""...63세男 그곳 전체에 '이것' 쌓여 뼈가 돼, 무슨 일?",Culture
"토요일 중부 대설, 일요일 한파…화이트 크리스마스 안 될듯",Culture
푸룬 섭취로 콜레스테롤 개선…관련 최신 연구 결과 잇따라,Culture
"돌아온 집밥 시대...15분 완성, 버섯솥밥과 떡갈비를 동시에 [쿠킹]",Culture
[내일 날씨] 출근길 추위 조금 풀린다…아침 최저 -8도~3도,Culture
"닻 올리기 전 좌초할 뻔했던, 미래의학 이끌 학회는?",Culture
"초콜릿·빵은 OK, '이것'은 절대 NO…뇌졸중·심장마비 위험 확 높인다는데 뭐길래?",Culture
절대 냉장 보관 말아야 할 식품 세 가지…“독성 물질 생성”,Culture
“가정의학 주치의가 우울증 환자 보면 안되나요?”,Culture
“시집 못 가니 피폭 이야기 절대 꺼내지 말아라”,Culture
“전쟁 중에도 즉효”…2분안에 잠들 수 있다는 ‘미군 수면법’ 뭔가 보니,Culture
"‘오겜2’ 탑, 흥행변수될까…물의 일으킨 배우들, 스크린 복귀에 잇단 논란",Culture
해외여행 중 ‘그날’이라면… 해외여행 생리용품 준비 팁 4가지,Culture
"""속눈썹 붙이다 각막 녹아 내려""...안구 적출한 女, 무슨 일?",Culture
"환장의 나라, 디즈니랜드",Culture
"서울아산병원, 알츠하이머병 신약 '레켐비' 처방 시작",Culture
[자막뉴스] 독감 의심 환자 '급증'...극한 한파에 호흡기질환 '비상',Culture
"""내년 美서 신차 4대 중 1대는 친환경차""…테슬라는?",Culture
"“빨리 알아차려야 뇌졸중 막는다” 심장 두근거리는 것 말고, ‘이 증상’ 있어도 부정맥 의심",Culture
"한영, “살 안 찌는 피자?”...‘이것’ 위에 치즈 듬뿍, 다이어트 돼?",Culture
"MBC 대주주 방문진 이사장 ""'당연한 것을 당연하다' 판단해준 법원에 감사""",Culture
문제와 마주할 때…'길이 내게 물었다 그분을 보았냐고',Culture
“내 꿈은 심장마비 고독사” 76세 할머니의 호탕한 선언…‘즐거운 어른’ [손효림의 베스트셀러 레시피],Culture
"""50대에도 날씬한 비결, 딱 하나""… 신애라, 밥 먹을 때 미친 듯 '이것' 한다",Culture
"방심하기 쉬운 연말, 불어난 체중 빠르게 되돌리고 요요 막는 '이 음식' 꼭 드세요",Culture
"한미약품 주총, 박재현 대표 ""한미 전진·후퇴 결정되는 날""",Culture
"“난 건망증일까, 치매일까?”...경계선 오가는 70대 A씨",Culture
인류무형유산 된 한국의 장 맛보러 ‘칙칙폭폭’,Culture
[아침뉴스타임 날씨] 낮부터 추위 누그러져…동해안 건조주의보 계속,Culture
[날씨] 낮부터 강추위 주춤…동해안 대기 건조,Culture
[2024 국내 미술품 경매시장 결산] 낙찰률 46%…5년 만에 최악,Culture
"소고기 맛나는 돼지고기… 오묘하다, 숯불 갈매기살 [김도언의 너희가 노포를 아느냐]",Culture
전국 흐리고 곳곳 비·눈…출근길 최저 -8~3도[내일날씨],Culture
"불면증 있어도 ""2분 만에 쿨쿨""…90%가 효과 본 '기적의 수면법' 뭐길래",Culture
"김동률과 전람회 함께한 서동욱 사망…""그리울 겁니다"" 추모 물결",Culture
커피의 두 얼굴?...더 걷고 칼로리 소비 늘어나지만 안 좋은 점도 있어,Culture
신촌 '젊은이 거리' 명성 되찾을까?…1월부터 다시 '차 있는 거리',Culture
"""다음 장 빨리 사"" 나란히 복권 '10억' 당첨된 회사 동료",Culture
[약손+] 급증하는 자궁내막암 진단과 치료 ⑨자궁내막암을 감별할 수 있는 진단,Culture
숨 쉴 때마다 미세 플라스틱 ‘우르르’… 대장암·폐암 유발,Culture
"'드르릉 컥' 잠잘 때 멈추는 호흡, 무시했다간… [건강!톡]",Culture
[날씨] 전국 아침 영하권 추위…낮부터 예년 기온 회복,Culture
"현대차, 美 IIHS 충돌평가 '가장 안전한 차' 글로벌 최다 선정",Culture
1500년 전부터 남녀노소 가리지 않고 사랑받는 이스탄불 ‘뷰 맛집’,Culture
"현대차그룹, 美 IIHS 충돌평가 '가장 안전한 차' 최다 선정",Culture
[날씨] 이틀째 아침 강추위...낮 동안 맑고 예년의 겨울,Culture
입에서 떨떠름한 금속 맛이!...미각 장애 일으키는 원인은?,Culture
늘어나는 젊은 대장암…정기 검진으로 조기 발견하는 게 중요 [건강한겨레],Culture
"통합 대한항공-아시아나, 항공 스케줄 재편 고객 편의 높인다",Culture
경기 파주 -15.6도 한파…주말 눈비 후 다시 추위,Culture
"자유발언 나선 부산 시민 ""윤석열이 내 연애도 방해""",Culture
"커피 좋아하는데, 마시기만 하면 설사… 로스팅 ‘이런 것’으로 고르면 해결",Culture
[날씨] 광주·전남 올겨울 가장 추운 아침…모레 눈·비,Culture
"[날씨] 매서운 아침 공기, 중북부 한파특보…낮부터 추위 주춤",Culture
"""내년 美 차판매 3% 성장…4대 중 1대 친환경차""",Culture
"[시승기] ""기본형도 좋네"" 르노 그랑 콜레오스 가솔린 터보 2.0 2WD",Culture
출근길 체감온도 영하권...강풍과 결빙 유의!,Culture
제주 해안 지역에 올겨울 첫눈…평년보다 8일 늦어,Culture
"""전쟁 중에도 잘 잤다""…2분 안에 잠드는 '미군 수면법' 뭐길래",Culture
"“성장호르몬, 노년의 시간에 다시 생명을 불어넣는다” [건강한겨레]",Culture
"“품질만 좋으면 해외선 무조건 팔려”…아마존, K뷰티 판매량이 무려",Culture
[imazine] 아프리카와 유럽을 품은 아랍…모로코 ② 전통 간직한 내륙,Culture
"""빨리 다음거 사""… 복권 1등 당첨에 다음 차례 양보해 10억원씩 '잭폿'",Culture
아침 영하권 추위 절정…종일 바람 강해,Culture
한파특보에 올겨울 가장 추운 날씨…주말 서울 등 눈비,Culture
"'기억의 습작' 전람회 출신 서동욱, 향년 50세로 사망",Culture
아침 -10도 안팎 '강추위'… 낮부터 누그러져,Culture
구글맵 '자전거 경로'로 자전거 타면 빙~돌아간다 [지중해 자전거 여행기],Culture
[날씨] 남부도 강추위‥추위 전망,Culture
“맨발걷기는 행복입니다”…겨울 바다 누비는 ‘해피 바이러스’ [맨발에 산다] ④,Culture
“전쟁 중에도 통했다”… 눈감으면 2분 안에 잠든다는 美 육군 수면법,Culture
[날씨] 오늘도 출근길 강추위…낮부터 추위 누그러져,Culture
[날씨] 서울 체감 -10℃ 강추위...낮 동안 맑고 예년의 겨울,Culture
"영양 풍부한 2025 ‘트렌드 푸드’ 세 가지, 뭘까?",Culture
‘계엄 여파’ 당장 적어도…외국인 관광객 2000만명 달성은 좌절,Culture
[날씨] 전국 대부분 영하권 강추위...낮부터 평년 기온,Culture
"""술 먹어야 잠들 수 있다더니""…'대반전' 결과 나왔다 [건강!톡]",Culture
올 겨울 중 가장 춥다가 낮부터 기온↑…주말에 눈·비,Culture
"“벤츠·BMW 아닌데 너무 ‘오버’, 그래서 더 좋아”…건방진데 착한 하극상車 [카슐랭]",Culture
"""한 잔에 300원도 안해""…출근길 매일 사들고 가더니, 이제 직접 물에 '탈탈'",Culture
"영하 10도 출근길 매서운 추위, 낮부터 풀려[날씨]",Culture
"[오늘날씨] ""꽁꽁 싸매고 나서야""…중부지방 중심으로 '아침 최저 -10도'",Culture
[날씨클릭] 오늘도 한파 이어져…낮부터 평년 기온 회복해,Culture
[오늘날씨] 출근길 또 영하 10도 강추위…낮부터 풀려,Culture
‘운동으로 뛰는 심장’이 더 크고 똑똑한 뇌를 만든다 [건강한겨레],Culture
"[헬스+] 매일 '이 정도'만 걸으면, 우울증 위험도 낮아진다",Culture
"""주행거리 보니 놀랍다""…요즘 전기차 오너들 '속앓이' 이유",Culture
경기북부 아침 연일 강추위…파주 판문점 영하 15.4도,Culture
"[출근길 YTN 날씨 12/19] 이틀째 강추위, 현재 서울 체감 -9℃...동해안 대기 건조",Culture
"방 청소 안 한다고?… 어지러운 방 안, 실제 건강에 해로운 이유",Culture
[날씨] 하늘 대체로 맑고 대기 매우 건조…제주 강한 '바람',Culture
[출근길 날씨] 오늘 출근길도 추워요…낮부터 기온 점차 올라,Culture
혼다·닛산 합병 자극제…日 완성차 업계 부활하나,Culture
최저 -10도 '출근길 강추위'…차차 기온 올라 낮 최고 10도(종합),Culture
"“손이 새하얗게 변해”...추위 탓인가 했는데 60대男 시한부, 무슨 병?",Culture
"이준혁 ""살 뺄 때 우울해져""…'이 간식' 끊어서라고?",Culture
"'조용한 뼈 도둑' 골다공증, 손목부터 노린다… 강화 운동 알아두자",Culture
"""면도 후 올라온 트러블, 여드름과 달라""…어떻게 가라앉혀야?",Culture
신동국 등 '4인 연합' vs '오너가' 표 대결…오늘 한미약품 임시주총,Culture
가볍고 경쾌한 속도감…'MINI 쿠퍼 C 3-도어'만의 매력[타봤어요],Culture
"힘좋은 놈, 편리한 놈, 안전한 놈…아우디 'Q시리즈' 신차 잇단 출시",Culture
"롯데, 벤처투자로 바이오 시너지 모색… '3세' 승계 퍼즐 될까",Culture
"의료계-국회, 오늘 비공개 간담회… 민주당 통해 갈등 해결 모색 주목",Culture
오늘도 중부 내륙 -12도 강추위…동해안 많은 눈,Culture
“체온 1℃만 낮아져도 면역력 절반 이상 떨어져”…‘얼죽아’ 어쩌나?,Culture
"'늘씬 몸매' 김나영, 지인 약속서도 '이 음식'… 체중 감량에 효과 만점?",Culture
"일란성 쌍둥이, 12주 동안 각각 '육식 vs. 채식' 도전..가장 큰 차이는? [헬스톡]",Culture
혼군? 용군? 폭군? …‘대통령 윤석열’은 역사에 어떤 지도자로 기록될까[이기환의 흔적의 역사],Culture
알고 보면 장 건강 망치는 '건강식품' 9,Culture
"[르포]결혼식 후 생애 두 번째 화장, 즉석 파운데이션에 얼굴 폈다[New & Good]",Culture
소금사막·블루 레이크… 적도의 비밀 낙원에서 느끼는 낭만!,Culture
[가정예배 365-12월 19일] 샬롬을 누리고 나누는 공동체,Culture
상처가 별이 되고 고난이 약재료가 된다,Culture
[오늘의 설교] 유일한 피난처,Culture
[역경의 열매] 최경주 (13) 친척 어른들과 학교 설득… 우여곡절 끝에 서울로 전학,Culture
"음식에 깃든 진한 추억… 먼저 간 아내가 떠올라, 무너져 내리듯 주저앉다",Culture
[날씨] 새벽까지 동해안 강한 눈 쏟아져…서해안 · 제주 강풍,Culture
"헬스장에서 남이 쓰던 ‘이것’ 사용했다가, ‘성병 균’ 감염… 가능한 일?",Culture
고혈압·치매 유발하는 ‘유령 모세혈관’을 아시나요,Culture
[최준영의 Energy 지정학] 중동산 천연가스의 유럽행 관문… 러가 시리아 내전 개입했던 진짜 이유,Culture
"“6kg 감량, 40kg대 진입” 이하정, 출출할 때 ‘이 음식’ 먹었더니 빠져",Culture
[오늘의 날씨] 출근길 또 강추위… 낮부터 평년 기온 회복,Culture
[데일리 헬스] 찬바람에 눈물 주르륵...이유는 '이 질환' 때문,Culture
[박찬용의 물건만담] 장지갑을 찾아서,Culture
[라인W 날씨] 내일 아침까지 추위…동해안 내일 새벽까지 눈,Culture
전람회 서동욱 사망…'언제 만났었는지 이제는 헤어져야 하네(3집 '졸업' 中)',Culture
[날씨] 내일 새벽까지 동해안 많은 눈…아침 영하권 추위,Culture
"문별, 밤 10시에 먹은 '이 간식'… 칼로리 폭격기 수준?",Culture
수리 불가능한 ‘몸속 정수기’... 소금·간장·국물을 멀리 하라,Culture
내일도 중부 내륙 -12도 강추위…동해안 많은 눈,Culture
'동지' 코앞에 영하 10℃ 한파...호흡기 질환 '비상',Culture
"母에 신장 기증했던 女...'돼지신장'이식, 전세계 세 번째",Culture
[뉴스9 날씨] 내일 아침까지 추위…동해안 내일 새벽까지 눈,Culture
"""잠들기 전 뭐 먹지 말랬는데""...'이런 간식'은 꿀잠 부른다고?",Culture
"유인촌 장관, “계엄은 잘못된 것”...“한예종 계엄 폐쇄 지시 안 해""",Culture
축의금은 10만원이지만…부의금은 “5만원이 적당”,Culture
[날씨] 목요일 아침까지 강추위…밤사이 동해안 많은 '눈',Culture
오늘부터 당장 먹어야 할 단백질 풍부 식품 4,Culture
"길리어드 C형간염 치료제 '하보니정' 공급 중단… ""치료 혜택 더 큰 신약 때문""",Culture
[이슈날씨] '성탄절' 일주일 앞두고 강추위 급습,Culture
"[날씨] 찬 바람, 내일은 남쪽으로‥동해안 폭설 15cm 이상",Culture
"""로제도 이거 없으면 안된대""…매일 챙겨다니는 필수품 정체 [영상]",Culture
"피로감 몰려올 때, ‘식사’에 신경 쓰라고? “귤·콩 등 7가지 식품 추천”",Culture
[날씨] 밤사이 동해안 큰 눈…내일 아침까지 강추위,Culture
처절함 대신 친근함…지금 시위 구호는 ‘질서 있는 교체 중’[한성우의 말과 글의 풍경],Culture
[날씨] 내일 출근길도 '강력 한파'…밤사이 동해안에 '폭설',Culture
“곧 어른이니까 마셔봐라” 부모가 가르치면 ‘자녀 술버릇’ 좋아질까?,Culture
"美판매량 단숨에 2위…혼다·닛산 북미 전략, 현대차랑 너무 닮았다는데",Culture
[날씨] 내일도 강추위…새벽까지 동해안·제주 시간당 1~3㎝ 눈,Culture
"유인촌 12·3 비상계엄 사과·비판 ""잘못된 일""",Culture
"""공주들 골병 들었네""...신데렐라 폐질환, 오로라는 욕창, 왜?",Culture
"""CIA에 신고 하자""…탄핵 집회 후원한 연예인 '불똥'",Culture
"몸에 ‘이 증상’ 나타나면, 면역력 약해졌다는 신호… 빨리 비타민 섭취해야",Culture
[날씨]아침까지 한파…동해안 눈 15cm 더 온다,Culture
[날씨] 대구·경북 강추위 계속…곳곳 폭설 주의!,Culture
[날씨] 대전·세종·충남 내일 아침 추위 절정…서해안 강한 바람,Culture
[퇴근길 날씨] 내일 낮부터 추위 누그러져…밤사이 동해안 눈,Culture
[날씨] 제주 내일 새벽까지 비·눈…내일 아침 추위 절정,Culture
"“운동 몇 달 쉬었는데”… 근육, 처음부터 다시 키워야 할까?",Culture
[날씨] 밤사이 동해안 눈비...내일 출근길 한파 기승,Culture
현지인 폰에는 다 깔려있어…한국인 인기 해외여행지 톱3 필수 여행 앱 [여행가중계],Culture
"군고구마 vs 삶은 고구마, 뭐가 달라?... 더부룩함, 방귀 줄이는 음식은?",Culture
"레드와인 마시고 겪는 두통, ‘이 성분’ 때문… ‘비싼 와인’에 더 많이 들었다고?",Culture
[날씨] 내일도 강추위 이어져…동해안 최대 10㎝ 대설,Culture
한미약품 주총 ‘D-1’… 모녀 측 우세? 열쇠는 소액주주 손에,Culture
'해외 완성차 무덤' 중국서 잘 나가는 韓 부품업체,Culture
'대설특보' 제주 산지 많은 눈…일부 중산간 도로 통제,Culture
32년차 한국일보 기자 김희원의 '정의들' ,Culture
"""틀려도 괜찮다, 영어로 해보자""...현대차 무뇨스의 트럼프 대비법",Culture
잦은 폭설에… 남성들도 털부츠에 꽂혔다,Culture
"날씨 급격히 추워져 내일 아침 영하 12도…경기북부, 강원영서 중심 한파 특보",Culture
덩치 키운 '혼다·닛산' 미국시장 공략 가속도 현대차와 한일전 격화,Culture
"""미래車 주도권 놓치면 도태된다"" 글로벌車업계, 합종연횡에 사활",Culture
'왕비 침실' 속 부벽화 모사도로 부활…'경복궁 교태전' 한시 개방,Culture
SK의 키옥시아 日증시 상장…낸드 지각변동,Culture
"부의금은 얼마가 적절할까?…""5만원이면 충분""",Culture
목요일 출근길 칼바람…강원 동해안 최대 15㎝ 눈 예보,Culture
'내일도 칼바람' 아침 최저기온 영하11~0도 예상,Culture
"롯데, 美 바이오텍 첫 투자…바이오로직스와 시너지 기대",Culture
[날씨] 내일 낮부터 추위 풀려…대체로 맑음,Culture
"내일 출근길, 오늘만큼 춥다…최저기온 -11∼0도",Culture
목요일 아침까지 매서운 추위…최저기온 -11∼0도,Culture
[날씨] 내일 아침도 본격 겨울 추위…밤사이 동해안 많은 눈,Culture
"“도시락 안 먹고, 피부 반점” 英 7살 소년, 감기 증상 보이더니 결국 ‘이 암’ 진단",Culture
K패션이 만만해?…'반짝 인기' 그친 쉬인,Culture
"""30kg빼도 가슴이 볼록""...C컵 유방가진 男 근육질로 변화, 어떻게?",Culture
[퇴근길 날씨] 내일 아침까지 추위…밤사이 동해안 눈,Culture
"영화인들 ""유인촌·문체부 내란 동조 행위 철저히 수사하라""",Culture
"대통령경호처, 공조본에 '서버 압수수색 불허' 통보",Culture
"""어쩌면 마지막 크리스마스"" 42세 女 '이 병' 때문에 아들과 이별 걱정… 무슨 사연?",Culture
"'시계제로' 한미약품 주총, 정면승부 표대결 D-1 다가와",Culture
[날씨] 찬 공기 내륙 깊이 남하‥동해안·제주 많은 눈,Culture
"유인촌 ""계엄 잘못된 것""…외국인 관광 대책 마련",Culture
중형 SUV의 교과서 '아우디 Q5 45 TFSI 콰트로',Culture
9700만원 벤츠 하이브리드 나왔다...'티맵 오토'도 탑재,Culture
"“코에 검은 혹이?” 60대 男, 3년째 방치했다가 ‘이 암’ 진단",Culture
"역술인 천공 ""동짓날 안팎에 정리 시작""…""尹, 하늘이 점지한 대통령""",Culture
한 가족 된 대한항공·아시아나...인천공항 이용 어떻게,Culture
‘단 거’ 먹고 싶으면…음료보다는 차라리 ‘빵·과자’,Culture
“나는 35살” 외친 60대 억만장자가 공개한 ‘저속노화 루틴’…“매일 3가지 한다”,Culture
"유인촌 ""계엄사태 국무위원으로서 사죄""…한예종 통제 논란도 해명",Culture
"‘야당 비판’ 유인촌, 결국 사과…“계엄은 잘못된 것”",Culture
[날씨] 중북부 곳곳 '한파주의보'…밤사이 동해안 대설 유의,Culture
"계엄 사태에 고개 숙인 유인촌 ""한예종 폐쇄령은 오해""",Culture
"달고 기름진 ‘염증 유발‘ 식단, 치매 위험 거의 2배",Culture
"아우디코리아, 대형 프리미엄 SUV `Q7 부분변경` 출시…1억1560만원부터",Culture
‘한예종 폐쇄 논란’ 유인촌 “계엄은 잘못된 것”,Culture
"""무좀 아니다""...노랗게 변한 손발톱, '이 증상'까지 있다면 종양?",Culture
"""틀려도 괜찮다, 영어로 해보자""...현대차 첫 외국인 CEO의 트럼프 대비법",Culture
"[이슈플러스]딜러사, 중고차 시장에도 진입",Culture
새해 '레저용 전기차' 10종 쏟아진다…소형 SUV부터 픽업까지,Culture
[이슈플러스]수입차 딜러사 시장 지각 변동,Culture
부의금 얼마가 적당?…성균관유도회가 권고하는 금액은?,Culture
"7살 여아 양 눈 색깔 달라… 태어날 때부터 '오드 아이', 원인은?",Culture
혼다·닛산 합병 논의… 글로벌 자동차 '탑3' 흔든다,Culture
"""부의금은 5만원이면 충분하다""…성균관유도회 권고",Culture
"의협·대전협, 민주당 토론회 불참…탄핵 정국서 의료정상화 논의 요원",Culture
닛산·혼다 합병 추진… 3위 현대차 위협,Culture
[날씨] 호남 서해안 곳곳 눈‥동해안 많은 눈,Culture
"""해장에 최고"" 소이현, 술 마신 다음날 먹는 ‘이 수프’… 정체는?",Culture
풍선으로 시작해 LED까지…윤석열 탄핵 끌어낸 응원봉 역사,Culture
마늘장아찌[손바닥문학상 우수상],Culture
[날씨] 밤사이 동해안 '폭설'...내일 아침까지 추위 계속,Culture
"핼리혜성 관측한 유일한 국가 사료, 조선시대 '성변측후단자'",Culture
"복잡한 길 찾아 운전하는 사람, 치매 덜 걸린다?",Culture
"“피부 밖으로 ‘툭’ 튀어나온 막대기”… 여성 ‘이 시술’ 부작용 충격, 뭐길래?",Culture
"""술 마시면 체온 급격히 떨어져"" 올겨울 최강 추위에 저체온증 주의보",Culture
"""건강 적신호"" 제이제이, 소변에 '이것' 섞여 나와… 혈뇨 유발 원인은?",Culture
[제주날씨] 한라산에 대설특보.. 하루 새 9cm 쌓여,Culture
[날씨] 경기·강원 한파특보…해안가 중심 최대 20㎝ 대설,Culture
배우 유태오 부친상…아내 니키리와 독일行,Culture
"토요타, 中서 1천만원대 전기차 출시...저가 경쟁 가속화",Culture
유인촌 “비상계엄 잘못된 것...국무위원으로서 진심 사죄”,Culture
유인촌 “한예종 계엄 폐쇄 지시 안했다”…독립기관 전환 검토,Culture
서울 약수역 등 3곳에 도심복합사업 지정…5천가구 들어선다,Culture
한영 “요즘 유행 ‘다이어트 피자’ 너무 맛있다”… 뭐 넣었나 보니?,Culture
파주~양주 고속道 19일 개통...수도권 제2순환선 74% 완성,Culture
"목요일 아침에도 강추위, 낮부터 평년 기온 회복···울릉도·독도·전라권·제주에 대설특보",Culture
"고개 숙인 유인촌 ""계엄 잘못된 것""…""한예종 폐쇄 관여 안 해""",Culture
유인촌 “비상계엄 발령 잘못된 것”…공식 사과,Culture
"아시아나, 항공동맹 탈퇴 수순...마일리지 불편 가중",Culture
"국회의장 ""한덕수 권한대행, 국회 선출 헌법재판관 3인 임명하는 게 합당""",Culture
"""흑인이 된 중국동포""…우리 안의 '인종주의'",Culture
"쯔양, 칼로리 폭탄 ‘이 음식’ 8그릇 뚝딱… 그래도 살 안 찌는 이유?",Culture
[오후날씨 꿀팁] 동해안 눈…내일 낮부터 기온 올라요,Culture
알츠하이머 치료제 개발되나…원인물질 제거 기전 밝혀져,Culture
"“쓰던 것 발랐을 뿐인데, ‘이것’ 확인 안 했더니”… 얼굴 붓고 진물까지, 무슨 일?",Culture
"""마른 이유 있었네""… 나나, 조식으로 먹은 음식 뭐였을까?",Culture
“항문 수술 왜 이렇게 많아?”... 최악의 생활 습관은?,Culture
택시 기사는 왜 알츠하이머 사망률이 낮을까? [건강한겨레],Culture
"유인촌 ""처음에 가짜뉴스인 줄…비상 계엄 잘못된 것""",Culture
"고개 숙인 유인촌 ""계엄은 잘못된 것…한예종 폐쇄 관여 안해""(종합)",Culture
"유인촌, “국무위원으로서 비상계엄 사태 진심으로 사죄”",Culture
유인촌 문체부 장관 “비상계엄 잘못된 것” 고개 숙여 사과,Culture
"[날씨] 본격 겨울 추위…경기 북부·강원 '한파특보', 해안가 대설",Culture
"유인촌 ""멋지게 일할 수 있었는데…계엄은 잘못된 것""(종합)",Culture
"유인촌 장관 ""韓비상계엄 잘못된 것.. 한예종 폐쇄 관여 안해""",Culture
"유인촌 ""계엄 선포 잘못된 것"" 사과…한예종 폐쇄령도 해명",Culture
[날씨체크] '중간'이 없는 2024년 날씨···영하권 추위에 칼바람까지,Culture
[제주날씨] '초속 20m 찬바람 쌩쌩' 저녁부터 체감온도 영하권,Culture
"""해바라기 오일에 독성이?""... 美복지장관 지명자 주장 살펴봤더니",Culture
[날씨] 낮에도 영하권 체감 추위...밤사이 동해안 '폭설',Culture
"英 쌍둥이, 각각 ‘육식’ ‘채식’ 12주 도전… 결과에서 ‘가장 큰 차이점’ 뭔가 보니?",Culture
무선 헤드폰 품질 제각각…가격차는 최대 20배,Culture
강원 산지 -16.1도 올겨울 최저…내일까지 강추위,Culture
"""이젠 다이소도 비싸네""…3000원 화장품 내놓더니 '파격'",Culture
"유인촌 ""비상계엄 잘못된 것"" 사과…""한예종 폐쇄 관여 안 해""",Culture
"다시 고개숙인 유인촌 장관 “계엄 자체 잘못, 尹과 소통 없었다”",Culture
[날씨] 경기 북부·강원 '한파특보'…해안가 최대 20㎝ 대설,Culture
"""최초 '티맵 오토' 탑재""…벤츠, E350e PHEV 출시",Culture
[날씨] 낮에도 체감온도 영하권…전북·동해안 폭설,Culture
'반갑다 아우디'...4년 만에 1억대 부분 변경 모델 출시,Culture
노랑풍선이 생방송서 단 1시간 동안만 선보이는 ‘이집트 여행’ 상품,Culture
"유인촌 ""비상계엄 잘못된 것"" 사과…""한예종 폐쇄 관여 안해""",Culture
[오후날씨 꿀팁] 한파 속에 서해안·동해안·제주 눈 최대 10cm,Culture
"유인촌 ""국무위원으로서 계엄사태 사죄""…한예종 통제 논란도 해명",Culture
‘와인 초짜’에게도 강렬했던 와인의 추억 [한ZOOM],Culture
"음악인 2645명 시국선언 ""윤석열과 국힘이 만든 혼란 청산할 것""",Culture
먹거리 걱정 중동 한국유학생..카이스트 학식 모범적,Culture
"유인촌 “尹과 소통 없었다…계엄, 가짜뉴스인 줄”",Culture
일본이 자랑하는 '100년 안심 연금'의 실체,Culture
"""세상에 절대적 진실은 없다""",Culture
"메르세데스-벤츠 코리아, ‘베스트셀링’ E-클래스 PHEV 모델 출시",Culture
MZ들이 한다는 ‘심플렉스’ 소비가 뭔데?,Culture
"서산 경주김씨 고택, '명품 고택' 눈길이 가네",Culture
냉동실 찬공기에 서울 은평 -11도…내일까지 올겨울 최강 추위 이어진다,Culture
“드디어 벤츠에도 티맵”…E클래스 PHEV ‘E 350e 4MATIC’ 출시,Culture
"이준혁, 살 빼느라 ‘이 간식’ 절대 안 먹었다… 얼마나 살찌길래?",Culture
"소유진, 아침엔 '이 샐러드' 먹는다… 다이어트 중인 '폐경 여성'에게 딱 좋다?",Culture
"아우디 코리아, 대형 프리미엄 SUV '더 뉴 아우디 Q7' 출시",Culture
"대웅제약, 최초의 중증 肝섬유증 경구용 치료제 개발",Culture
청년들을 '고립'으로 내모는 가장 큰 이유,Culture
"""일주일에 6일 먹어""… 윈터 '이 간식'에 빠졌다는데, 살찌우는 주범?",Culture
"'상대적 선방' 중고차, 신차보다 잘 나가는 비결은?",Culture
"'서울의 봄' 감독 작심발언 ""정신 나간 대통령의 친위 쿠데타""",Culture
"‘수입차 1위’ BMW, 고성능 부문에서도 최상위",Culture
"헌재, 내일 첫 재판관 평의…'탄핵심판' 쟁점 검토",Culture
"유인촌 장관 ""한예종, 문체부서 독립할 때라 생각…의견 교환할 것""",Culture
"셀트리온, 자가면역질환 치료제 '스테키마' 美 FDA 허가 획득",Culture
“온 몸이 왜 이렇게 가렵지?”...스트레스가 일으키는 묘한 증상들,Culture
"겨울철 '전비' 우려, 시트가 해결…현대트랜시스 신기술 살펴보니",Culture
"""추가요금 내세요""…치솟은 환율에 여행객도 업계도 한숨",Culture
"‘12kg 감량’ 심진화, 요요 없는 비결… 살 안 찌는 ‘아침 메뉴’ 봤더니?",Culture
[아침뉴스타임 날씨] 이번 겨울 들어 가장 추워…서해안·동해안 곳곳 눈,Culture
"엄정화, 달달 ‘이 간식’ 100만원 어치 꿀꺽… 혈관 건강엔 최악?",Culture
빈집 활용해 '외국인을 붙잡아라'…관광지 된 피란 마을의 계획,Culture
'최저 영하 10도' 칼바람 동반 동장군 맹위…울릉도·독도 대설경보,Culture
[약손+] 급증하는 자궁내막암 진단과 치료 ⑧자궁내막암 진단 과정은?,Culture
"“발바닥은 아침에, 치아는 밤에 많이 아파”…왜?",Culture
"아우디, 대형 SUV ‘더 뉴 Q7’ 韓 출시…“507마력 SQ7도 있어요”",Culture
유난히 더 추위를 많이 탄다면 ‘OOO’ 이상?,Culture
[날씨] 체감 추위 종일 영하권…해안가·제주 눈비,Culture
고터에서 여의도로...탄핵 집회에서 데이트한 커플입니다,Culture
강남엄마들 찾던 새벽배송앱 컬리가 '초대형 오프라인 행사' 여는 까닭 [인터뷰],Culture
사망 원인 1위 ‘암’...항암제 말고도 예방하는 방법 있다면?,Culture
술 마시고 자꾸 기억 못하면 '치매'...00으로 치료해야 [건강+],Culture
중북부 산지 한파특보…남부 동해안 등 많은 눈 예보,Culture
[930 날씨] 이번 겨울 들어 가장 추워…서해안·동해안 곳곳 눈,Culture
"겨울철 시큰한 무릎, '콘드로이친'으로 관절 건강 챙겨야",Culture
고주파로 처진 피부 끌어올리는 미용 의료 시술… 일본 의사가 배워간다,Culture
빙판길 발목 꺾임… 가볍게 여기면 수술해야 할 수도,Culture
노인의 30%는 '영양 주의'… 부모님 '영양식' 챙기세요,Culture
"'서울의 봄' 김성수 감독, 비상계엄 ""어처구니없는 친위쿠데타""",Culture
[날씨] 올겨울 들어 가장 추워‥서·동해안 많은 눈,Culture
日 닛산-혼다 합병 논의…현대차 제치고 '톱3' 부상 전망,Culture
"""당뇨병 환자, 4명 중 1명은 신장 기능 저하… 치료 통해 말기 신장질환 진행 막아야""",Culture
완경 후 남은 40년...비뇨기 잘 챙겨야 노후가 즐겁다,Culture
"[날씨] 경기 북부·강원 '한파특보', 낮에도 추워...해안가 대설",Culture
"아우디, 하차감 강화한 '더 뉴 Q7' 출시… 가격 최고 1.4억원",Culture
[이호분의 아이들세상] 감정 조절 못하는 여고생,Culture
물만 잘 마셔도 혈당 조절에 큰 도움,Culture
"현대차·기아, 올해 하이브리드 100만대 판매 가시권",Culture
"교황 의전차량 '포프모빌', 메르세데스-벤츠 G클래스 전기차로 교체",Culture
'64세까지' 현대차·기아 노사 정년 연장 실현 가능성은,Culture
발목 골절로 성장판 손상된 우리 아이… “생체흡수성 나사 효과적” [부모 백과사전],Culture
"본격 겨울 추위, 중북부 한파주의보…해안가는 대설",Culture
[날씨] 경기·강원 한파특보…찬 바람에 체감 온도 '뚝',Culture
[자막뉴스] 강추위 성탄절까지 이어져...'영하 30도' 칼바람 급습,Culture
한파에 출근길 '꽁꽁'...서울 체감 -10도,Culture
대한항공-아시아나 통합 후 인위적 가격 인상 없을 것,Culture
이동석 현대차 사장 “대내외 악재…연말 최대생산으로 돌파하자”,Culture
"아시아-유럽을 동시에, 더 높은곳에서, 이스탄불 뷰 맛집[함영훈의 멋·맛·쉼]",Culture
[아미랑] 암 환자 만성 염증 줄이는 식사법 '이 영양소' 꼭 챙기세요,Culture
오늘 아침 서울 -6도·대전 -4도…동지 사흘 앞두고 강추위,Culture
"온종합병원, 고령화 사회의 그림자 치매 “조기진단만이 답”",Culture
“이젠 지하주차장 편히 들어가려나”…전기차 배터리 과열 잡는 기술 나왔다,Culture
"[밀당365]‘레몬수’ 좋다던데, 당뇨 환자 혈당도 낮춰주나요?",Culture
“14억 인구 대국이 현대차에 반했다”…이젠 전기차 판매 확대 드라이브,Culture
"‘무파사’가 왕(王)이 될 상인가…실사화된 라이온 킹, 리더의 자질을 묻다",Culture
"[날씨] 올겨울 들어, 가장 강한 추위…해안가 폭설 유의",Culture
"제주 한라산 대설특보, 탐방로·1100도로 통제",Culture
"셀트리온그룹, 24조 CDMO 시장 뛰어든다…'셀트리온바이오솔루션스' 출범",Culture
“하루 세 번씩 작은 사치 부리죠”…벌써 400만개 팔렸다는 이 프리미엄 치약,Culture
[날씨] 광주·전남 밤까지 눈·비…내일 추위 절정,Culture
겨울철 심뇌혈관질환 주의보… 혈관 청소부 '오메가3'로 관리해볼까,Culture
“연말 공연장 잡으면 로또”…대형 무대 없는 K팝 종주국,Culture
‘피케팅’에 우는 팬들…임영웅 공연 암표 500만원 치솟기도,Culture
"무작정 움직인다고 살 안 빠져… 美 전문가, ""살빼주는 운동은 따로 있다""",Culture
"강아지 턱이 부었어요. 악성 종양일까요? 강아지 턱 붓는 이유, 증상, 검사",Culture
[여행honey] 세계유산 품은 가야산 해인사,Culture
한라산 최고 15cm '대설 주의보'…강풍·풍랑 예비 특보,Culture
몸에게 미안할 땐 ‘찜 채소 비빔밥’[펀펀(funfun)한 요리],Culture
'양구 -15.8도' 출근길 맹추위… 전국 곳곳 눈·비,Culture
관리종목 지정에 상장폐지까지… ‘바이오’에 등 돌리는 투자자들,Culture
칡넝쿨과 거미와 멧돼지가 점령한 으스스한 섬에서 하룻밤 [낭만야영 완도군 청산면 장도],Culture
"생수 10병 무게…스마트폰이 만든 현대인의 고질병, 거북목과 어깨통증",Culture
"아침 밥 안 먹으면, 체중 줄까? 늘까?",Culture
진주알 꿰듯…예쁜 곳만 묶어 길을 내다 [전라도의 숨은 명산 완도 금당도],Culture
[날씨] 이번 겨울 가장 추운 출근길...서해안 중심 많은 눈,Culture
[날씨] 기온 떨어지며 강추위 나타나…서울 최저기온 -6도,Culture
파주 판문점 영하 14.3도…경기도 올겨울 가장 춥다,Culture
"“괜히 봤다” 바로 후회하는 車…친구가 사면 복통, ‘한국 출시’ 포르쉐 정체 [최기성의 허브車]",Culture
"라면도 사치…수출 인공호흡 식품사 ""최악의 불경기""[역대급 내수한파]ⓛ",Culture
올겨울 들어 가장 추워요…서해안·동해안·제주 눈 [출근길 날씨],Culture
"연말연시 100명 숨졌다…'도로 위 흉기' 음주운전, 40%가 재범",Culture
"""中 놓치면 큰일 난다""…현대차, 8000억 베팅 승부수",Culture
"택시·구급차 기사, 알츠하이머병 위험 최저 직업…왜?",Culture
"""올겨울 가장 추워""‥전국 곳곳 눈·비",Culture
"동네 뒷산 백패킹, 도시공원이면 불법",Culture
[날씨클릭] 오늘 올겨울 들어 가장 추워…한파특보 발효 중,Culture
계엄령에 반대한 국민의힘 의원들에게 [독서일기],Culture
개가 사람과 서열경쟁 한다는 ‘헛소리’ [임보 일기],Culture
세상이 어떻게 돌아가는지 몰랐던 무능한 리더의 최후,Culture
"12월 3일 밤, 택시운전사가 여의도에서 목격한 놀라운 광경",Culture
노년에 몸 안좋으면 '친한 친구 없다' 2배,Culture
"[출근길 YTN 날씨 12/18] 경기·강원 '한파특보', 출근길 서울 체감 -9℃...해안가 대설",Culture
출근길 -10도 최강한파…오후부터 눈 소식(종합),Culture
올겨울 들어 가장 추워요…서해안·동해안·제주 눈 [출근길 날씨],Culture
영하 12도 ‘강추위’… 강한 바람에 체감온도 ‘뚝’ [오늘날씨],Culture
"""자다 계속 깨고 밥 안먹고""...감기 증상 3개월 가더니 '이 병', 무슨 일?",Culture
"""올겨울 가장 추워""‥전국 곳곳 눈·비",Culture
"박준금, ""60대도 예쁠 때""...'이 부위'서 나이 보여, 관리는?",Culture
"""태반에서 태아 한쪽이 수혈""...사망률 높은데 무사히 탄생, 쌍둥이에게 무슨 일?",Culture
[날씨] 기온 '뚝' 중부 -10도 안팎…전북 · 동해안 폭설,Culture
"""올겨울 가장 추워""‥전국 곳곳 눈·비",Culture
[출근길 날씨] 올겨울 들어 가장 추워요…서해안·동해안·제주 눈,Culture
[카드뉴스] 2024년 12월 18일 오늘의 운세,Culture
"염증으로 눈곱 많이 낄 때, 온찜질? 냉찜질?",Culture
"“용진이형이 나섰다”...트럼프 장남과 회동, 트럼프 만날 가능성도",Culture
"""왜 이렇게 춥지?""...식사할 때 '이런 습관', 추위 잘 느끼게 한다?",Culture
"삼성바이오 주도 바이오의약품 위탁생산 경쟁, 'ADC'가 좌우",Culture
출근길 -10도 올겨울 '최강 한파'…오후부터 눈소식[오늘날씨],Culture
오늘 찬 바람 불며 기온 뚝…서해안 중심 많은 눈,Culture
"[단독]中전기버스 뒷거래에 혈세 새는데, 서울시는 뒷짐만",Culture
한국 성인 3명 중 1명 고혈압… 짠 음식 피하고 채식 위주 식사해야,Culture
한방서 50명 함께 잔다…예약도 안 받는 산티아고 순례길 숙소,Culture
"탄핵집회 핫팩 사주는 아이유와 ""목소리 왜 내요"" 임영웅",Culture
"김치통 들고 가는 이 카페, 악평 딛고 한국서 7년 버틴 비결",Culture
지구도 지갑도 좀먹는 '쇼핑 중독' 대신 '느린 수선 라이프' 어떤가요,Culture
"[오늘 날씨] 기온 '뚝'·찬바람 '쌩'… ""감기 조심하세요""",Culture
"겨울에 증상 심해지는 전립선비대증, 유로리프트로 빠르게 개선",Culture
전두엽 손상되면 감정 조절 안돼… 음주 자제하고 7시간 이상 충분히 자야,Culture
“전이되면 독해지는 전립선암… 표적 치료제로 고령환자 항암 부담 덜어”,Culture
[역경의 열매] 최경주 (12) 골프 꿈 위해 전학 결심 “나 자퇴서 내고 서울 갈라요”,Culture
찬바람 불자 허리 찌릿… ‘추간공확장술-반강성고정술’로 안전하게 치료,Culture
"삼삼오오 모여 소통하다 쉴 땐 개인실로… 프라이빗한 요양원 생활[노후, 어디에 살까]",Culture
"'서울의봄' 감독 일침 ""정신 나간 대통령, 어처구니 없는 쿠데타""",Culture
'매서운 한파' 체감 -20℃ 육박...해안가 10cm 대설,Culture
[날씨] 중부 중심 영하 10℃ 안팎 강추위…서울 체감온도 영하 10℃,Culture
[오늘 날씨] 아침 최저 영하 12도 '최강 한파'·눈 예보…추위에 체온 높이는 법,Culture
"`노벨문학상` 파묵, 탄핵 언급 “대통령에 화난 韓, 원하는 것 얻길”",Culture
육아휴직 급여 내년부터 月 최대 250만원… ‘사후지급’ 없앤다,Culture
백지영 “군것질 안 해도 ‘이 음식’만 먹으면 살 찐다”… 뭐길래?,Culture
[오늘의 날씨] 아침 최저 영하 12도 '뚝'…곳곳에 눈·비,Culture
[라인W 날씨] “따뜻하게 주무세요”…밤사이 찬바람에 기온 ‘뚝’,Culture
“연말이면 빨간 냄비 펄펄 끓더니”…이젠 기부도 키오스크로 받는다는 이 단체,Culture
"기하성 '사랑의 온차' 전달…""군 장병 위로와 격려""",Culture
[날씨] 밤사이 기온 '뚝'…서해안 중심 많은 눈,Culture
[수요동물원] “하마터면 하마밥 될뻔...” 지옥 문턱까지 다녀온 사자의 굴욕,Culture
[뉴스9 날씨] 내일 찬 바람에 체감온도 ‘뚝’…호남·동해안 눈 최대 10cm,Culture
[날씨] 중부 강추위…내일 곳곳서 많은 눈,Culture
[날씨] 내일 내륙 영하 10도 안팎 강추위…해안·제주 강한 눈,Culture
[이슈날씨] 북극 한파 남하…이번 겨울 최고 추위,Culture
"셀트리온, CDMO 사업 출사표 ""2031년 매출 3조 기대""",Culture
"""실내 미세먼지, 요리 때 나온다""...주방 최악의 요리 도구는?",Culture
"술자리 많아지는 연말… 심장, 갑자기 빨리 뛴다면?",Culture
[날씨] 올겨울 들어 가장 추워‥서울 체감 영하 11도,Culture
'매서운 한파' 체감 -20℃ 육박...해안가 10cm 대설,Culture
청천벽력 같은 백혈병 진단… 꿈 포기 하지 않은 10대 무용수,Culture
내일 출근인데 '회식 숙취' 걱정… ‘이렇게’ 마시면 괜찮다,Culture
"""왜 우리가 피해 봐야 하나요?""…해외여행 앞두고 '분통'",Culture
"[날씨] 내일 '서울 -6도', 곳곳 한파특보…중부 내륙 영하 10도 안팎",Culture
"""아이 못 가질 것"" 충격에 90kg 뺀 女...57kg되자 '이것' 돌아와, 무슨 사연?",Culture
[날씨]대관령 체감 -17도…서해안 대설,Culture
찬바람 맞으며 러닝? 부상 먹으려면 '이것'만은 꼭 챙기세요,Culture
"영아 사망자까지… 10년來 최대 유행 백일해, 예방접종이 가장 중요",Culture
[날씨] 대전·세종·충남 내일 체감온도 -10℃ 안팎 ‘강추위’…낮까지 곳곳 눈,Culture
[날씨] 부산 내일 기온 ‘뚝’…동해안 곳곳 건조특보,Culture
"[날씨] 제주 찬 바람 쌩쌩, 내일 기온 뚝↓…흐리고 비·한라산 많은 눈",Culture
[날씨] 전북 서부 밤부터 많은 눈…내일부터 한파,Culture
[날씨] 광주·전남 내일 영하권 추위…밤부터 눈 또는 비,Culture
"[퇴근길 날씨] 내일, 더 추워져…서해안에 눈",Culture
[날씨] 북극 한파 남하...이번 겨울 최고 추위,Culture
"초가공식품이 수명 줄여… 치즈버거 9분, 베이컨 6분, 탄산음료는?",Culture
18일 출근길 -12도… 올겨울 들어 가장 춥다,Culture
[날씨] 경기·강원 곳곳 '한파주의보'…내일 오후 동해안 눈비,Culture
"미국 소화기내과 전문의, ""이것 꼭 먹으라""던데… 변비 탈출 위해 알아야 할 것 6",Culture
고지혈증 진단에 심뇌혈관 걱정... ‘이 5가지’ 꼭 줄여야 하는 이유?,Culture
"얀센 ‘리브리반트’, 피하주사 제형 FDA 승인 불발… 렉라자엔 어떤 영향?",Culture
내일 아침 최저기온 -12도~0도 …겨울 한파 닥친다,Culture
2025년을 예측하고 준비하는 확실한 대안,Culture
"임종훈 한미사이언스 대표, 한미약품 주총서 의결권 행사 가능해져",Culture
"밤부터 기온 크게 떨어져…경기북부 한파주의보, 내일 아침 더 강한 추위",Culture
[날씨] 서쪽 중심 눈·비…내일 매서운 추위,Culture
"연말연시 쇼핑, ‘이럴 땐’ 피해야…충동구매 안 한다?",Culture
광주·전남 출근길 '강추위'..늦은 밤부터 눈 소식,Culture
"""벌떼에 1100방 넘게 쏘였다""...6살 소년, 죽었다 살아난 사연은?",Culture
[내일날씨] 북쪽 찬 공기에 강한 바람까지… 영하 12도 맹추위,Culture
"현대차, 인도에 충전소 깔고 전기차 판매",Culture
내일 겨울 한파 덮친다…서울 체감 '-10도',Culture
조지아주 시장단 초청한 현대차 CEO 내정자…美관가 밀착 시동,Culture
"[시니어그룹] 집주인입니다, 세입자들과 얼굴 붉힌 적이 없습니다",Culture
[더 라이프이스트-손주에게 물려줄 아버지 고사성어] 바람을 타라,Culture
수요일 아침 서울 체감 -10도…겨울 한파 닥친다,Culture
[날씨] 밤사이 서해안 많은 눈…내일 서울 -6도 곳곳 '한파특보',Culture
"혈액암 신약, 투여까지 '1달→1일' 단축… 암 치료 패러다임 또 바꾼 면역항암기술",Culture
"시니어에 꽂힌 급식업계, 본격 공략나서",Culture
"[퇴근길 날씨] 내일, 전국 칼바람 불며 기온 ‘뚝’…서해안 눈",Culture
"이경실 언니상 비보…""뇌출혈로 쓰러져 4일 만에 떠나""",Culture
서울 너머 세계 무대까지 넘본다…진격의 지방 갤러리,Culture
"""여러해살이풀 '어수리' 뿌리, 알코올성 치매 치료에 효과""",Culture
'흑수저' 철가방 셰프도 온다고?…사장님 2000명 몰렸다 [영상],Culture
"급성백혈병 최고 위험군 여고생, 완치 후 무대 섰다",Culture
"[날씨] 밤부터 서해안 많은 눈‥내일, 올겨울 들어 가장 추워",Culture
"권한대행, 헌재 재판관 임명 가능? 불가능?…헌재 ""가능""",Culture
노벨상 작가 파묵 “틈새시간 누구나 있어…일기로 자신만의 언어 발전”,Culture
겨울철 아토피 콕 잡는 ‘유도미사일’ 치료제 [이러면 낫는다],Culture
“올 겨울 중 가장 춥다”…아침 최저 영하 12도 ‘꽁꽁’[내일날씨],Culture
"“해바라기씨, 햄스터 주식 아냐… 말린 과일 탓 당뇨 앓는 경우도 많아” [멍멍냥냥]",Culture
그날 '안산 롯데리아'에 그들은 왜 모였나?,Culture
"“눈 뽑아야 한다는 충동 느껴” 20세 女, 평생 앞 못 보며 살게 된 사연… ‘이것 중독’이 원인이라던데",Culture
[시니어그룹] 망막에 구멍... 나이 드니 없던 병이 자꾸 생긴다,Culture
[Travel]지금이 제철! 거제로 떠나는 맛 여행,Culture
"‘이 나물’ 뿌리, 알코올성 치매에 효과 있다?",Culture
날도 차가운데 소주 한잔? '이 병' 위험 커진다,Culture
얼굴부터 확 달라진 캠리 … 10번째 대변신,Culture
잘 달리지 더 조용하지 … 싼타페 위협할 만하네,Culture
'100% 전기차' 승부수 재규어 부활을 꿈꾸다,Culture
7년을 기다렸다 더 커지고 젊어진 요즘 아빠들의 '드림카',Culture
"""문신=극혐?""...'이 나이대' 일수록 문신 더 싫어한다, 왜일까?",Culture
[날씨] 한낮 체감 영하권…밤부터 서해안 눈·비,Culture
서울 도심 속 '겨울 놀이터' 눈썰매장 개장 … 어디가 가까울까?,Culture
"""철분, 좋은거 아니었어?""...뇌에 쌓이면 노년에 '이것' 위험 높다고?",Culture
'계엄령 로맨스' 공모전?…국가 내란사태 정국에 정신 나간 업체,Culture
"""낮보다 밤에 강하면?""...'이것' 노출, 일찍 죽을 위험 높아진다고?",Culture
"내 나이 일흔, 죽을 자리 정하고 나니 마음 편하다",Culture
올해 하이브리드차 판매 '사상 최대'…전기차는 2년째 역성장,Culture
"[단독] 한문철 “尹 계엄, ‘로드 레이지’(난폭 운전)나 마찬가지” 일침 [나의 삶 나의 길]",Culture
"의료연대본부 ""의료 민영화와 가짜 의료개혁 퇴진시켜야""",Culture
[날씨] 제주 산지 많은 눈‥밤부터 서해안 많은 눈,Culture
"정유미, ‘이 디저트’에 빠졌다… 향 호불호 갈리던데, 건강 효과는?",Culture
"최화정 “동안 비결은 ‘이것’ 덜 먹기?”…한 달에 1번 섭취, 뭐길래?",Culture
"""중국, 포기하기엔 큰 시장""…베이징현대, 합작사도 힘 합친다",Culture
"현대모비스, 전기차 배터리 과열 잡는 새로운 냉각 장치 개발",Culture
"[날씨] 내일 이번 겨울 최저, 경기 북부·강원 '한파주의보'...서해안·제주도 눈비",Culture
"튀르키예서 다시 쓰는 문명역사②카라한,착막,사이불츠 현장",Culture
정국혼란·경기침체에...수입車도 신차 감소 조짐 [FN 모빌리티],Culture
"'尹 탄핵'에 파업 면했지만…완성차, '한숨'은 여전",Culture
“동전·지폐 이어 이젠 키오스크 기부” 구세군 자선냄비의 변화,Culture
차라리 빵·과자 드세요…심혈관 건강에 치명적이라는 음식,Culture
기아 K7·현대차 넥쏘·한국지엠 트랙스 등 30만7517대 리콜,Culture
셀트리온 서정진 회장 “2031년 CDMO 매출 3조… 내년 상반기 공장 착공”,Culture
"“제로백 2.3초”…포르쉐, 타이칸 터보 GT 韓 출시",Culture
[날씨] 낮에도 찬바람에 기온 '뚝'…오늘 밤 서해안 눈·비,Culture
"대사증후군 관련 최신 연구, 국내 연구진이 집대성",Culture
"""대한민국 뒤집혔는데 로맨스라니""…'계엄 공모전' 시끌",Culture
사람은 바뀌지 않는다 [소소칼럼],Culture
"尹측 ""출석 관련 검토·판단해 정리되면 며칠내 입장 내겠다""",Culture
“하루 1만보 걷기 안 해도 된다”…‘이만큼’만 걸어도 우울증 위험 ‘뚝’,Culture
내년 하이브리드 SUV 쏟아진다…소형부터 대형까지 출격 대기,Culture
"숙취 끝판왕 레드와인, 두통 원인 찾았다",Culture
"“트럼프, 전기차 지원 폐지”… 현대차·배터리 타격 불가피",Culture
