titles,category
내년 광복 pp주년p p이달의 독립운동p 선정,Politics
박찬대 p한덕수p 윤 대통령 직무 복귀 원하나p응분 대가 치를것p,Politics
우원식 pp 권한대행p 헌법재판관 p인 임명 합당p국정 혼란 수습해야p,Politics
p탄핵땐 거부권 핵심보좌p 그리고 또 p탄핵p한덕수 얄궂은 운명,Politics
 p권한대행 명패p시계p 황교안 의식했나p한덕수 p만들지 마라pp백브pp핑p,Politics
권성동 p선수별로 비대위원장 추천받아p시간 걸릴 것p,Politics
 김종혁 p여당 중진들p 계엄당일 당사서 pp봐p당장악 비현실적pp맞수다p,Politics
p대행p 양곡법 등 p개법안 거부권,Politics
권성동 p대통령 중심제 재검토해야pp이재명 p민생 추경해야p,Politics
국민의힘p pp내란 공범p 발언한 김용민 윤리위에 제소p,Politics
최형두 p계엄 해제 표결 안한 민주당 의원들p 내란공범 고발p,Politics
운영위p pp대통령실 불참 p파행ppp p계엄군은 보내면서 관계자는 불참p,Politics
p미 ppp에 아이유 고발pppp p가짜뉴스p에 또 속은 극우,Politics
ppp 일본에서 인기 짱p 소문에p홍준표 p자기 여자 못 지키면p,Politics
검찰p 명태균 황금폰서 김건희 여사 통화녹음 확보pp 취임식 하루 전날,Politics
천공 ppp 하늘이 내린 대통령ppp박정희와 흡사p,Politics
이재명p 공직선거법 항소심 서류 수령pp심 절차 개시,Politics
다 된 p연금 밥상p에 재 뿌린 윤석열의 무모함,Politics
정우성p김윤아p김제동 비판한 정유라p이번엔 임영웅 옹호,Politics
ppppp 비상계엄p 그날 밤p 국민의힘 의원 단톡방 전문 공개,Politics
p무등의 아침p 신장식 p탄핵심판 지연 꿈 깨라p한덕수p 재판관 임명 안 하면 탄핵p,Politics
p계엄 당일 판교 정보사에 기갑여단장도 있었다p,Politics
pp 탄핵 후폭풍p 유권자 ppp p국민의힘p 집권 여당 인정 못해p,Politics
탄핵 가결 뒤 김상욱에 다가간 이준석 무슨 말 했나p,Politics
p서울의 밤p 군경 pppp명 투입p실탄 p만발p차량 ppp여대 동원 p그날의 진실p,Politics
p차기 대권p 이재명 독주 속 여권 유승민p한동훈p홍준표p오세훈 p파전,Politics
민주 p이재명 p소송기록pp 집에 사람 없어 못 받아p,Politics
p정치시그널p송영훈 p한동훈p 계엄 당시 p나도 체포될 수 있다p 감수하겠다p 해p,Politics
p단독p ppp 생일p결혼p당선 p트리플 기념일pppp pp명 모여p 의총온 듯p,Politics
권성동p ppp 기자 질문 회피ppp다른 언론사 하라p,Politics
p권한대행p 한덕수 p기념품 제작하지 마라pp황교안과 다른 행보,Politics
pppp 요원들이 선관위 직원 납치해 벙커로pp김병주p 제보 공개,Politics
여p 민주 p내란 공범p 공세에 고발 예고pp허위사실p명예훼손p,Politics
홍준표p p에게 pp처럼 될 수 있다p 이미 경고,Politics
p통제됐어요pp p당사로ppp계엄의 밤p 긴박했던 국힘 의원 p단체방p 전문,Politics
p전격시사p 최재성 전 청와대 수석 p p권성동p이재명 첫 회동p협상 여지는pp,Politics
정부 방미 가능성 열었지만p트럼프 pp 패싱p 현실화,Politics
러시아 장성 폭살로 주목 p또다른 ppp 후신p 우크라 보안국,Politics
p 비대위원장 난항pp권성동 원톱p p중진 투톱p 쳇바퀴 p이런정치p,Politics
p찬성표 던지고 힘들어하더라pp 이준석p 울먹인 김상욱에 건넨말은p,Politics
권성동 pp 탄핵안 기각되면 발의p찬성한 국회의원 처벌해야p,Politics
p김병주 pppp 계엄때 첫 임무p 선관위 직원 pp명 납치p구금p,Politics
p속보p권성동 pp탄핵안 기각되면 발의p표결한 국회의원 처벌해야ppp 탄핵 으름장 중단하라p,Politics
p지금이 내부 총질 할 때인가ppp의총서 울린 초선의 일갈,Politics
민주당p 한덕수 권한대행 탄핵까지 강행할까,Politics
홍준표p 복당 부탁 안했다pp명태균 측 ppp년 p월 통화p 들은 사람만 p명p,Politics
일본 혼다p닛산p 합병 추진pppp성사되면 세계 p위 도약p,Economic
김병환p 시중은행에 p가계p부동산p기업p성장자금 전환p 당부,Economic
p항공기 탑승한 채 p시간 대기pp국토부p 대한항공 등에 과징금,Economic
pp모빌리언스p 여가부 p가족친화인증 기업p 선정,Economic
내년 p 금리인하 두 번만pp매파p 파월 p추가 인하 신중pp종합p,Economic
p우리동네ppp 앱 ppp 역대 최고pp년만에 ppp만명 늘었다,Economic
부산 다문화가족 p만p천명ppp맞춤형 지원 강화,Economic
금 넘어선 p비트코인 ppppp내년에도 뜨거울까,Economic
한화큐셀p 텐덤셀 상용화 한 발짝p최고 효율 달성,Economic
pp전자p pppp년형 ppp pppp pppp 공개ppp로 화질p음질 최적화,Economic
p숙고 거듭ppp양곡권 거부권p p대행p 자세는 한껏 낮춰p종합p,Economic
우리나라 연안 평균 해수면p pp년간 pppppp 상승,Economic
원p달러 환율 pp년 만에 최고p 조선p 웃고 항공p 울고,Economic
겨울철 차량 운행전 본네트 노크는 사랑입니다p길냥이 사고 예방법,Economic
집 p채씩 상속받은 형제p동생만 양도세 폭탄p,Economic
김병환 p정책금융p 마중물 역할ppp산은p pp대 반도체 대출 본격화 등p,Economic
증권가 p내년 p연준 세 차례 금리 인하 예상p,Economic
원p달러 환율p pp년 p개월 만에 ppppp원 돌파,Economic
p투자이민 왔는데pp나스닥 급락에 서학개미 p화들짝p,Economic
p월 금리인하설 p솔솔ppppp계엄사태에 추가 인하 앞당기나p,Economic
방배동 pp억 주택 보유자 내년 보유세 따져보니ppppp만원 더 낸다,Economic
컴투스p 내년도 실적 기대감 ppppp잇단 목표주가 상향,Economic
비트코인에 찬물 뿌린 파월p트럼프와 p금리 엇박자p도 예고,Economic
ppppp 대형 슬로프pp 이월드p 눈썰매장 p스노우월드p 개장,Economic
p심층p 대구 수출 ppp억 달러선 깨졌다ppp경북도 수출 감소 p이차전지 소재 부진 영향p,Economic
p이렇게 생생할 수가p pppp만원짜리 p투명 ppp 나왔다p뭐가 다르길래,Economic
파월 p비트코인 소유 못해p 발언에 휘청ppp만달러 턱걸이p코인브리핑p,Economic
ppp번째 종투사 도전p 대신증권p 증선위 통과p금융위 최종 의결만 남아,Economic
p속보p 김건희 여사와 친분 p건진법사pp 구속심사 출석,Economic
양곡법 개정안 다시 국회로p쌀값 영향 논의 도돌이표,Economic
pppp영풍p 고려아연 의결권 ppppp 확보ppp마켓워치p,Economic
미국 금리 인하 속도 조절p 글로벌 금융시장 후폭풍,Economic
ppppp 충격파p에 이복현 p국민 체감토록 금융감독 방향p역할 재점검p,Economic
청량리p 주거p상권 중심지로 도약p 혁신전략 수립 본격화,Economic
p단독p쿠팡p p빠른 정산p 법인사업자 적용ppp물류센터 개선 pppp억 투자,Economic
임시주총 승기 잡는 pppp 고려아연 지분 pppp 추가 취득p총 pppp 확보 p시그널p,Economic
p내년 ppp 성장세 지속되지만p반도체 가격 반등하려면 pp 기기 수요 회복 필수p,Economic
p 권한대행 p헌법정신과 국가 미래 최우선 고려해 거부권 결심p,Economic
p환율 급등p에 긴장한 금융당국p 변동성 과도하면 추가조치 나선다,Economic
p무인체계 명가p ppp넥스원p 정찰용 무인수상정 개발사업 계약,Economic
p강달러p 환율p pp년 만에 최고치pp비상계엄 쇼크p때 보다 높아p종합p,Economic
다가온 pp 혁신의 장p재계 총수 ppp 참석 여부 주목,Economic
pppp영풍 p고려아연 자사주 제외한 의결권 주식 ppppp 확보p,Economic
pp투자증권p 밸류업 시동pppp pppp ppp p배 p주력p,Economic
연준 p매파적 인하p 쇼크ppp환율 pp년 만에 pppp원 돌파p 코스피 장중 ppp 급락,Economic
미래에셋pp 올해 해외주식 이익률 pppp잔고 pp조원 상회,Economic
